Symbol,Date,Expiry,Option Type,Strike Price,Open,High,Low,Close,LTP,Settle Price,No. of contracts,Turnover in Lacs,Premium Turnover in Lacs,Open Int,Change in OI,Underlying Value
GAIL,31-Dec-2018,31-Jan-2019,CE,240,0,0,0,106.65,0,121.85,0,0,0,0,0,360.3
GAIL,31-Dec-2018,31-Jan-2019,CE,470,0,0,0,5.2,0,0.05,0,0,0,0,0,360.3
GAIL,31-Dec-2018,31-Jan-2019,CE,260,0,0,0,89.35,0,101.95,0,0,0,0,0,360.3
GAIL,31-Dec-2018,31-Jan-2019,CE,270,0,0,0,81.2,0,92.05,0,0,0,0,0,360.3
GAIL,31-Dec-2018,31-Jan-2019,CE,280,0,0,0,73.45,0,82.1,0,0,0,0,0,360.3
GAIL,31-Dec-2018,31-Jan-2019,CE,290,0,0,0,66.15,0,72.25,0,0,0,0,0,360.3
GAIL,31-Dec-2018,31-Jan-2019,CE,300,0,0,0,55,55,62.5,0,0,0,2667,0,360.3
GAIL,31-Dec-2018,31-Jan-2019,CE,310,0,0,0,52.85,0,52.95,0,0,0,0,0,360.3
GAIL,31-Dec-2018,31-Jan-2019,CE,320,0,0,0,37.35,37.35,43.8,0,0,0,26670,0,360.3
GAIL,31-Dec-2018,31-Jan-2019,CE,330,27,29.6,26.95,29.6,29.6,29.6,3,28.63,2.23,18669,-5334,360.3
GAIL,31-Dec-2018,31-Jan-2019,CE,340,20.8,22.1,20.8,22.1,22.1,22.1,2,19.28,1.14,40005,-2667,360.3
GAIL,31-Dec-2018,31-Jan-2019,CE,350,14.6,16.3,13.4,15.7,15.45,15.7,26,252.94,10.24,98679,0,360.3
GAIL,31-Dec-2018,31-Jan-2019,CE,360,10.8,11.25,9.05,10.8,10.65,10.8,173,1708.03,47.02,218694,-10668,360.3
GAIL,31-Dec-2018,31-Jan-2019,CE,370,7,7.6,5.9,7.15,6.8,7.15,181,1818.85,32.76,696087,29337,360.3
GAIL,31-Dec-2018,31-Jan-2019,CE,380,4.65,4.9,3.85,4.55,4.6,4.55,87,891.84,10.13,178689,-21336,360.3
GAIL,31-Dec-2018,31-Jan-2019,CE,390,2.45,3,2.45,2.85,2.9,2.85,14,146.65,1.03,106680,8001,360.3
GAIL,31-Dec-2018,31-Jan-2019,CE,400,1.7,1.8,1.6,1.75,1.7,1.75,10,107.13,0.45,112014,13335,360.3
GAIL,31-Dec-2018,31-Jan-2019,CE,410,1,1.2,1,1.2,1.2,1.2,3,32.89,0.09,13335,2667,360.3
GAIL,31-Dec-2018,31-Jan-2019,CE,420,0.7,0.8,0.7,0.8,0.8,0.8,5,56.1,0.1,18669,13335,360.3
GAIL,31-Dec-2018,31-Jan-2019,CE,430,0,0,0,9.9,0,0.55,0,0,0,0,0,360.3
GAIL,31-Dec-2018,31-Jan-2019,CE,440,0,0,0,8.45,0,0.3,0,0,0,0,0,360.3
GAIL,31-Dec-2018,31-Jan-2019,CE,450,0,0,0,7.2,0,0.15,0,0,0,0,0,360.3
GAIL,31-Dec-2018,31-Jan-2019,CE,460,0,0,0,6.1,0,0.1,0,0,0,0,0,360.3
GAIL,31-Dec-2018,31-Jan-2019,CE,250,0,0,0,97.85,0,111.9,0,0,0,0,0,360.3
GAIL,31-Dec-2018,28-Feb-2019,CE,240,0,0,0,104.25,0,123.2,0,0,0,0,0,360.3
GAIL,31-Dec-2018,28-Feb-2019,CE,250,0,0,0,94.9,0,113.35,0,0,0,0,0,360.3
GAIL,31-Dec-2018,28-Feb-2019,CE,260,0,0,0,85.75,0,103.5,0,0,0,0,0,360.3
GAIL,31-Dec-2018,28-Feb-2019,CE,270,0,0,0,76.9,0,93.7,0,0,0,0,0,360.3
GAIL,31-Dec-2018,28-Feb-2019,CE,280,0,0,0,68.4,0,84,0,0,0,0,0,360.3
GAIL,31-Dec-2018,28-Feb-2019,CE,290,0,0,0,60.4,0,74.5,0,0,0,0,0,360.3
GAIL,31-Dec-2018,28-Feb-2019,CE,300,0,0,0,52.85,0,65.25,0,0,0,0,0,360.3
GAIL,31-Dec-2018,28-Feb-2019,CE,310,0,0,0,45.85,0,56.3,0,0,0,0,0,360.3
GAIL,31-Dec-2018,28-Feb-2019,CE,320,0,0,0,39.45,0,47.9,0,0,0,0,0,360.3
GAIL,31-Dec-2018,28-Feb-2019,CE,330,0,0,0,33.65,0,40.1,0,0,0,0,0,360.3
GAIL,31-Dec-2018,28-Feb-2019,CE,340,0,0,0,28.5,0,33,0,0,0,0,0,360.3
GAIL,31-Dec-2018,28-Feb-2019,CE,350,0,0,0,23.9,0,26.65,0,0,0,0,0,360.3
GAIL,31-Dec-2018,28-Feb-2019,CE,360,0,0,0,19.95,0,21.2,0,0,0,0,0,360.3
GAIL,31-Dec-2018,28-Feb-2019,CE,370,0,0,0,16.5,0,16.5,0,0,0,0,0,360.3
GAIL,31-Dec-2018,28-Feb-2019,CE,380,0,0,0,13.55,0,12.65,0,0,0,0,0,360.3
GAIL,31-Dec-2018,28-Feb-2019,CE,390,0,0,0,11.05,0,9.55,0,0,0,0,0,360.3
GAIL,31-Dec-2018,28-Feb-2019,CE,400,0,0,0,8.95,0,7.1,0,0,0,0,0,360.3
GAIL,31-Dec-2018,28-Feb-2019,CE,410,0,0,0,7.2,0,5.15,0,0,0,0,0,360.3
GAIL,31-Dec-2018,28-Feb-2019,CE,420,0,0,0,5.75,0,3.7,0,0,0,0,0,360.3
GAIL,31-Dec-2018,28-Feb-2019,CE,430,0,0,0,4.6,0,2.6,0,0,0,0,0,360.3
GAIL,31-Dec-2018,28-Feb-2019,CE,440,0,0,0,3.65,0,1.8,0,0,0,0,0,360.3
GAIL,31-Dec-2018,28-Feb-2019,CE,450,0,0,0,2.85,0,1.25,0,0,0,0,0,360.3
GAIL,31-Dec-2018,28-Feb-2019,CE,460,0,0,0,2.25,0,0.85,0,0,0,0,0,360.3
GAIL,31-Dec-2018,28-Feb-2019,CE,470,0,0,0,1.75,0,0.55,0,0,0,0,0,360.3
GAIL,31-Dec-2018,28-Mar-2019,CE,240,0,0,0,121,0,124.6,0,0,0,0,0,360.3
GAIL,31-Dec-2018,28-Mar-2019,CE,470,0,0,0,2.05,0,1.7,0,0,0,0,0,360.3
GAIL,31-Dec-2018,28-Mar-2019,CE,260,0,0,0,101.75,0,105.2,0,0,0,0,0,360.3
GAIL,31-Dec-2018,28-Mar-2019,CE,270,0,0,0,92.35,0,95.6,0,0,0,0,0,360.3
GAIL,31-Dec-2018,28-Mar-2019,CE,280,0,0,0,83.15,0,86.2,0,0,0,0,0,360.3
GAIL,31-Dec-2018,28-Mar-2019,CE,290,0,0,0,74.25,0,77.05,0,0,0,0,0,360.3
GAIL,31-Dec-2018,28-Mar-2019,CE,300,0,0,0,65.7,0,68.2,0,0,0,0,0,360.3
GAIL,31-Dec-2018,28-Mar-2019,CE,310,0,0,0,57.6,0,59.75,0,0,0,0,0,360.3
GAIL,31-Dec-2018,28-Mar-2019,CE,320,0,0,0,50.05,0,51.8,0,0,0,0,0,360.3
GAIL,31-Dec-2018,28-Mar-2019,CE,330,0,0,0,43.05,0,44.45,0,0,0,0,0,360.3
GAIL,31-Dec-2018,28-Mar-2019,CE,340,0,0,0,36.65,0,37.7,0,0,0,0,0,360.3
GAIL,31-Dec-2018,28-Mar-2019,CE,350,0,0,0,30.9,0,31.6,0,0,0,0,0,360.3
GAIL,31-Dec-2018,28-Mar-2019,CE,360,0,0,0,25.85,0,26.2,0,0,0,0,0,360.3
GAIL,31-Dec-2018,28-Mar-2019,CE,370,0,0,0,21.35,0,21.5,0,0,0,0,0,360.3
GAIL,31-Dec-2018,28-Mar-2019,CE,380,0,0,0,17.5,0,17.4,0,0,0,0,0,360.3
GAIL,31-Dec-2018,28-Mar-2019,CE,390,0,0,0,14.25,0,14,0,0,0,0,0,360.3
GAIL,31-Dec-2018,28-Mar-2019,CE,400,0,0,0,11.45,0,11.1,0,0,0,0,0,360.3
GAIL,31-Dec-2018,28-Mar-2019,CE,410,0,0,0,9.2,0,8.75,0,0,0,0,0,360.3
GAIL,31-Dec-2018,28-Mar-2019,CE,420,0,0,0,7.25,0,6.8,0,0,0,0,0,360.3
GAIL,31-Dec-2018,28-Mar-2019,CE,430,0,0,0,5.7,0,5.25,0,0,0,0,0,360.3
GAIL,31-Dec-2018,28-Mar-2019,CE,440,0,0,0,4.45,0,4,0,0,0,0,0,360.3
GAIL,31-Dec-2018,28-Mar-2019,CE,450,0,0,0,3.45,0,3.05,0,0,0,0,0,360.3
GAIL,31-Dec-2018,28-Mar-2019,CE,460,0,0,0,2.65,0,2.3,0,0,0,0,0,360.3
GAIL,31-Dec-2018,28-Mar-2019,CE,250,0,0,0,111.35,0,114.85,0,0,0,0,0,360.3
GAIL,31-Dec-2018,31-Jan-2019,PE,240,0,0,0,2.15,0,0,0,0,0,0,0,360.3
GAIL,31-Dec-2018,31-Jan-2019,PE,470,0,0,0,122.25,122.25,106.8,0,0,0,5334,0,360.3
GAIL,31-Dec-2018,31-Jan-2019,PE,260,0,0,0,4.45,0,0,0,0,0,0,0,360.3
GAIL,31-Dec-2018,31-Jan-2019,PE,270,0,0,0,6.1,0,0.05,0,0,0,0,0,360.3
GAIL,31-Dec-2018,31-Jan-2019,PE,280,0.2,0.2,0.2,0.2,0.2,0.2,2,14.95,0.01,5334,5334,360.3
GAIL,31-Dec-2018,31-Jan-2019,PE,290,0,0,0,10.6,0,0.1,0,0,0,0,0,360.3
GAIL,31-Dec-2018,31-Jan-2019,PE,300,0,0,0,0.5,0.5,0.3,0,0,0,8001,0,360.3
GAIL,31-Dec-2018,31-Jan-2019,PE,310,0,0,0,1.3,1.3,0.7,0,0,0,5334,0,360.3
GAIL,31-Dec-2018,31-Jan-2019,PE,320,1.5,2.15,1.5,1.85,1.85,1.85,10,85.84,0.5,128016,13335,360.3
GAIL,31-Dec-2018,31-Jan-2019,PE,330,3.1,3.8,2.9,3.25,3.2,3.25,28,248.95,2.52,128016,21336,360.3
GAIL,31-Dec-2018,31-Jan-2019,PE,340,5.5,6.7,5.35,5.7,5.8,5.7,78,719.88,12.59,154686,13335,360.3
GAIL,31-Dec-2018,31-Jan-2019,PE,350,10.05,11,8.8,9.4,9.5,9.4,54,518.25,14.18,216027,5334,360.3
GAIL,31-Dec-2018,31-Jan-2019,PE,360,15.3,16.2,13.9,14.65,14.6,14.65,21,209.92,8.29,106680,18669,360.3
GAIL,31-Dec-2018,31-Jan-2019,PE,370,22.35,23,22,22,22,22,3,31.4,1.8,13335,0,360.3
GAIL,31-Dec-2018,31-Jan-2019,PE,380,0,0,0,53.8,0,24.35,0,0,0,0,0,360.3
GAIL,31-Dec-2018,31-Jan-2019,PE,390,0,0,0,60.75,0,31.8,0,0,0,0,0,360.3
GAIL,31-Dec-2018,31-Jan-2019,PE,400,0,0,0,45.6,45.6,40.05,0,0,0,53340,0,360.3
GAIL,31-Dec-2018,31-Jan-2019,PE,410,0,0,0,65,65,48.85,0,0,0,2667,0,360.3
GAIL,31-Dec-2018,31-Jan-2019,PE,420,0,0,0,83.5,0,58.05,0,0,0,0,0,360.3
GAIL,31-Dec-2018,31-Jan-2019,PE,430,0,0,0,84,84,67.55,0,0,0,2667,0,360.3
GAIL,31-Dec-2018,31-Jan-2019,PE,440,0,0,0,99.95,0,77.25,0,0,0,0,0,360.3
GAIL,31-Dec-2018,31-Jan-2019,PE,450,0,0,0,108.5,0,87.05,0,0,0,0,0,360.3
GAIL,31-Dec-2018,31-Jan-2019,PE,460,0,0,0,117.2,0,96.9,0,0,0,0,0,360.3
GAIL,31-Dec-2018,31-Jan-2019,PE,250,0,0,0,3.15,0,0,0,0,0,0,0,360.3
GAIL,31-Dec-2018,28-Feb-2019,PE,240,0,0,0,0.6,0,0.05,0,0,0,0,0,360.3
GAIL,31-Dec-2018,28-Feb-2019,PE,250,0,0,0,1.05,0,0.05,0,0,0,0,0,360.3
GAIL,31-Dec-2018,28-Feb-2019,PE,260,0,0,0,1.7,0,0.1,0,0,0,0,0,360.3
GAIL,31-Dec-2018,28-Feb-2019,PE,270,0,0,0,2.7,0,0.2,0,0,0,0,0,360.3
GAIL,31-Dec-2018,28-Feb-2019,PE,280,0,0,0,4,0,0.35,0,0,0,0,0,360.3
GAIL,31-Dec-2018,28-Feb-2019,PE,290,0,0,0,5.8,0,0.7,0,0,0,0,0,360.3
GAIL,31-Dec-2018,28-Feb-2019,PE,300,0,0,0,8.1,0,1.3,0,0,0,0,0,360.3
GAIL,31-Dec-2018,28-Feb-2019,PE,310,0,0,0,10.9,0,2.3,0,0,0,0,0,360.3
GAIL,31-Dec-2018,28-Feb-2019,PE,320,0,0,0,14.3,0,3.75,0,0,0,0,0,360.3
GAIL,31-Dec-2018,28-Feb-2019,PE,330,0,0,0,18.35,0,5.85,0,0,0,0,0,360.3
GAIL,31-Dec-2018,28-Feb-2019,PE,340,10,10,10,10,10,10,1,9.33,0.27,2667,2667,360.3
GAIL,31-Dec-2018,28-Feb-2019,PE,350,0,0,0,28.25,0,12.15,0,0,0,0,0,360.3
GAIL,31-Dec-2018,28-Feb-2019,PE,360,0,0,0,34.05,0,16.55,0,0,0,0,0,360.3
GAIL,31-Dec-2018,28-Feb-2019,PE,370,0,0,0,40.4,0,21.8,0,0,0,0,0,360.3
GAIL,31-Dec-2018,28-Feb-2019,PE,380,0,0,0,47.3,0,27.8,0,0,0,0,0,360.3
GAIL,31-Dec-2018,28-Feb-2019,PE,390,0,0,0,54.6,0,34.55,0,0,0,0,0,360.3
GAIL,31-Dec-2018,28-Feb-2019,PE,400,0,0,0,62.3,0,42,0,0,0,0,0,360.3
GAIL,31-Dec-2018,28-Feb-2019,PE,410,0,0,0,70.4,0,49.95,0,0,0,0,0,360.3
GAIL,31-Dec-2018,28-Feb-2019,PE,420,0,0,0,78.75,0,58.35,0,0,0,0,0,360.3
GAIL,31-Dec-2018,28-Feb-2019,PE,430,0,0,0,87.4,0,67.15,0,0,0,0,0,360.3
GAIL,31-Dec-2018,28-Feb-2019,PE,440,0,0,0,96.25,0,76.25,0,0,0,0,0,360.3
GAIL,31-Dec-2018,28-Feb-2019,PE,450,0,0,0,105.3,0,85.55,0,0,0,0,0,360.3
GAIL,31-Dec-2018,28-Feb-2019,PE,460,0,0,0,114.5,0,95.05,0,0,0,0,0,360.3
GAIL,31-Dec-2018,28-Feb-2019,PE,470,0,0,0,123.85,0,104.65,0,0,0,0,0,360.3
GAIL,31-Dec-2018,28-Mar-2019,PE,240,0,0,0,0.15,0,0.1,0,0,0,0,0,360.3
GAIL,31-Dec-2018,28-Mar-2019,PE,470,0,0,0,106.95,0,103.1,0,0,0,0,0,360.3
GAIL,31-Dec-2018,28-Mar-2019,PE,260,0,0,0,0.5,0,0.3,0,0,0,0,0,360.3
GAIL,31-Dec-2018,28-Mar-2019,PE,270,0,0,0,0.9,0,0.55,0,0,0,0,0,360.3
GAIL,31-Dec-2018,28-Mar-2019,PE,280,0,0,0,1.55,0,0.95,0,0,0,0,0,360.3
GAIL,31-Dec-2018,28-Mar-2019,PE,290,0,0,0,2.45,0,1.6,0,0,0,0,0,360.3
GAIL,31-Dec-2018,28-Mar-2019,PE,300,0,0,0,3.75,0,2.6,0,0,0,0,0,360.3
GAIL,31-Dec-2018,28-Mar-2019,PE,310,0,0,0,5.45,0,4,0,0,0,0,0,360.3
GAIL,31-Dec-2018,28-Mar-2019,PE,320,0,0,0,7.7,0,5.9,0,0,0,0,0,360.3
GAIL,31-Dec-2018,28-Mar-2019,PE,330,0,0,0,10.5,0,8.35,0,0,0,0,0,360.3
GAIL,31-Dec-2018,28-Mar-2019,PE,340,0,0,0,13.95,0,11.4,0,0,0,0,0,360.3
GAIL,31-Dec-2018,28-Mar-2019,PE,350,0,0,0,18.05,0,15.15,0,0,0,0,0,360.3
GAIL,31-Dec-2018,28-Mar-2019,PE,360,0,0,0,22.75,0,19.55,0,0,0,0,0,360.3
GAIL,31-Dec-2018,28-Mar-2019,PE,370,0,0,0,28.1,0,24.65,0,0,0,0,0,360.3
GAIL,31-Dec-2018,28-Mar-2019,PE,380,0,0,0,34.05,0,30.4,0,0,0,0,0,360.3
GAIL,31-Dec-2018,28-Mar-2019,PE,390,0,0,0,40.6,0,36.8,0,0,0,0,0,360.3
GAIL,31-Dec-2018,28-Mar-2019,PE,400,0,0,0,47.65,0,43.75,0,0,0,0,0,360.3
GAIL,31-Dec-2018,28-Mar-2019,PE,410,0,0,0,55.15,0,51.2,0,0,0,0,0,360.3
GAIL,31-Dec-2018,28-Mar-2019,PE,420,0,0,0,63.05,0,59.1,0,0,0,0,0,360.3
GAIL,31-Dec-2018,28-Mar-2019,PE,430,0,0,0,71.35,0,67.35,0,0,0,0,0,360.3
GAIL,31-Dec-2018,28-Mar-2019,PE,440,0,0,0,79.9,0,75.95,0,0,0,0,0,360.3
GAIL,31-Dec-2018,28-Mar-2019,PE,450,0,0,0,88.7,0,84.8,0,0,0,0,0,360.3
GAIL,31-Dec-2018,28-Mar-2019,PE,460,0,0,0,97.75,0,93.85,0,0,0,0,0,360.3
GAIL,31-Dec-2018,28-Mar-2019,PE,250,0,0,0,0.3,0,0.15,0,0,0,0,0,360.3
IOC,31-Dec-2018,31-Jan-2019,CE,92.5,0,0,0,53,0,45.15,0,0,0,0,0,137.05
IOC,31-Dec-2018,31-Jan-2019,CE,190,0,0,0,0.25,0.25,0.05,0,0,0,10500,0,137.05
IOC,31-Dec-2018,31-Jan-2019,CE,97.5,0,0,0,49.15,0,40.2,0,0,0,0,0,137.05
IOC,31-Dec-2018,31-Jan-2019,CE,100,0,0,0,47.35,0,37.75,0,0,0,0,0,137.05
IOC,31-Dec-2018,31-Jan-2019,CE,102.5,0,0,0,45.55,0,35.25,0,0,0,0,0,137.05
IOC,31-Dec-2018,31-Jan-2019,CE,105,0,0,0,43.8,0,32.8,0,0,0,0,0,137.05
IOC,31-Dec-2018,31-Jan-2019,CE,107.5,0,0,0,42.1,0,30.4,0,0,0,0,0,137.05
IOC,31-Dec-2018,31-Jan-2019,CE,110,0,0,0,26.2,26.2,28,0,0,0,35000,0,137.05
IOC,31-Dec-2018,31-Jan-2019,CE,112.5,0,0,0,24.15,24.15,25.65,0,0,0,31500,0,137.05
IOC,31-Dec-2018,31-Jan-2019,CE,115,23.55,23.6,23.55,23.6,23.6,23.6,2,9.7,1.65,42000,-7000,137.05
IOC,31-Dec-2018,31-Jan-2019,CE,117.5,0,0,0,20.8,20.8,21.1,0,0,0,24500,0,137.05
IOC,31-Dec-2018,31-Jan-2019,CE,120,0,0,0,17.5,17.5,18.95,0,0,0,7000,0,137.05
IOC,31-Dec-2018,31-Jan-2019,CE,122.5,0,0,0,12.7,12.7,16.9,0,0,0,7000,0,137.05
IOC,31-Dec-2018,31-Jan-2019,CE,125,0,0,0,13.8,13.8,14.95,0,0,0,0,0,137.05
IOC,31-Dec-2018,31-Jan-2019,CE,127.5,0,0,0,12.75,12.75,13.1,0,0,0,38500,0,137.05
IOC,31-Dec-2018,31-Jan-2019,CE,130,9.35,9.7,8.25,8.3,8.25,8.3,14,68.05,4.35,206500,7000,137.05
IOC,31-Dec-2018,31-Jan-2019,CE,132.5,7.5,7.5,7.5,7.5,7.5,7.5,1,4.9,0.26,77000,0,137.05
IOC,31-Dec-2018,31-Jan-2019,CE,135,6,6.55,5,5.15,5.2,5.15,105,516.77,20.65,675500,-14000,137.05
IOC,31-Dec-2018,31-Jan-2019,CE,137.5,4.7,5.1,3.95,4,4.05,4,66,327.71,10.09,259000,101500,137.05
IOC,31-Dec-2018,31-Jan-2019,CE,140,3.65,3.85,2.85,3,3,3,589,2955.88,69.78,2107000,59500,137.05
IOC,31-Dec-2018,31-Jan-2019,CE,142.5,2.6,2.9,2.1,2.25,2.2,2.25,73,370.25,6.16,409500,91000,137.05
IOC,31-Dec-2018,31-Jan-2019,CE,145,2.4,2.4,1.55,1.65,1.65,1.65,256,1315.27,16.07,1088500,136500,137.05
IOC,31-Dec-2018,31-Jan-2019,CE,147.5,1.35,1.4,1.25,1.25,1.25,1.25,11,57.29,0.51,63000,7000,137.05
IOC,31-Dec-2018,31-Jan-2019,CE,150,1,1.1,0.8,0.85,0.85,0.85,284,1500.22,9.22,1900500,185500,137.05
IOC,31-Dec-2018,31-Jan-2019,CE,152.5,0.5,0.65,0.4,0.65,0.65,0.65,4,21.42,0.07,56000,-3500,137.05
IOC,31-Dec-2018,31-Jan-2019,CE,155,0.6,0.6,0.45,0.5,0.5,0.5,16,87.09,0.29,217000,3500,137.05
IOC,31-Dec-2018,31-Jan-2019,CE,157.5,0,0,0,1.05,1.05,1.45,0,0,0,14000,0,137.05
IOC,31-Dec-2018,31-Jan-2019,CE,160,0.35,0.35,0.25,0.3,0.25,0.3,34,190.78,0.38,259000,-45500,137.05
IOC,31-Dec-2018,31-Jan-2019,CE,162.5,0,0,0,16.25,0,0.9,0,0,0,0,0,137.05
IOC,31-Dec-2018,31-Jan-2019,CE,165,0.15,0.15,0.15,0.15,0.15,0.15,2,11.56,0.01,3500,0,137.05
IOC,31-Dec-2018,31-Jan-2019,CE,167.5,0,0,0,14.8,0,0.55,0,0,0,0,0,137.05
IOC,31-Dec-2018,31-Jan-2019,CE,170,0,0,0,0.45,0.45,0.45,0,0,0,7000,0,137.05
IOC,31-Dec-2018,31-Jan-2019,CE,172.5,0,0,0,13.5,0,0.35,0,0,0,0,0,137.05
IOC,31-Dec-2018,31-Jan-2019,CE,175,0,0,0,0.7,0.7,0.25,0,0,0,10500,0,137.05
IOC,31-Dec-2018,31-Jan-2019,CE,177.5,0,0,0,12.35,0,0.2,0,0,0,0,0,137.05
IOC,31-Dec-2018,31-Jan-2019,CE,180,0,0,0,11.75,0,0.15,0,0,0,0,0,137.05
IOC,31-Dec-2018,31-Jan-2019,CE,182.5,0,0,0,11.25,0,0.1,0,0,0,0,0,137.05
IOC,31-Dec-2018,31-Jan-2019,CE,185,0,0,0,10.75,0,0.1,0,0,0,0,0,137.05
IOC,31-Dec-2018,31-Jan-2019,CE,187.5,0,0,0,10.25,0,0.05,0,0,0,0,0,137.05
IOC,31-Dec-2018,31-Jan-2019,CE,95,0,0,0,51.05,0,42.7,0,0,0,0,0,137.05
IOC,31-Dec-2018,28-Feb-2019,CE,92.5,0,0,0,45.35,0,45.75,0,0,0,0,0,137.05
IOC,31-Dec-2018,28-Feb-2019,CE,95,0,0,0,43.2,0,43.3,0,0,0,0,0,137.05
IOC,31-Dec-2018,28-Feb-2019,CE,97.5,0,0,0,41.1,0,40.9,0,0,0,0,0,137.05
IOC,31-Dec-2018,28-Feb-2019,CE,100,0,0,0,39.05,0,38.5,0,0,0,0,0,137.05
IOC,31-Dec-2018,28-Feb-2019,CE,102.5,0,0,0,37.05,0,36.15,0,0,0,0,0,137.05
IOC,31-Dec-2018,28-Feb-2019,CE,105,0,0,0,35.1,0,33.85,0,0,0,0,0,137.05
IOC,31-Dec-2018,28-Feb-2019,CE,107.5,0,0,0,33.2,0,31.55,0,0,0,0,0,137.05
IOC,31-Dec-2018,28-Feb-2019,CE,110,0,0,0,31.4,0,29.3,0,0,0,0,0,137.05
IOC,31-Dec-2018,28-Feb-2019,CE,112.5,0,0,0,29.6,0,27.15,0,0,0,0,0,137.05
IOC,31-Dec-2018,28-Feb-2019,CE,115,0,0,0,27.9,0,25.05,0,0,0,0,0,137.05
IOC,31-Dec-2018,28-Feb-2019,CE,117.5,0,0,0,26.3,0,23,0,0,0,0,0,137.05
IOC,31-Dec-2018,28-Feb-2019,CE,120,0,0,0,24.7,0,21.1,0,0,0,0,0,137.05
IOC,31-Dec-2018,28-Feb-2019,CE,122.5,0,0,0,23.2,0,19.2,0,0,0,0,0,137.05
IOC,31-Dec-2018,28-Feb-2019,CE,125,0,0,0,21.75,0,17.45,0,0,0,0,0,137.05
IOC,31-Dec-2018,28-Feb-2019,CE,127.5,0,0,0,20.4,0,15.8,0,0,0,0,0,137.05
IOC,31-Dec-2018,28-Feb-2019,CE,130,0,0,0,19.1,0,14.25,0,0,0,0,0,137.05
IOC,31-Dec-2018,28-Feb-2019,CE,132.5,0,0,0,17.85,0,12.75,0,0,0,0,0,137.05
IOC,31-Dec-2018,28-Feb-2019,CE,135,0,0,0,16.7,0,11.4,0,0,0,0,0,137.05
IOC,31-Dec-2018,28-Feb-2019,CE,137.5,0,0,0,15.6,0,10.15,0,0,0,0,0,137.05
IOC,31-Dec-2018,28-Feb-2019,CE,140,0,0,0,14.5,0,9,0,0,0,0,0,137.05
IOC,31-Dec-2018,28-Feb-2019,CE,142.5,2.75,2.75,2.75,2.75,2.75,2.75,1,5.08,0.1,3500,3500,137.05
IOC,31-Dec-2018,28-Feb-2019,CE,145,3.6,3.6,3.6,3.6,3.6,3.6,1,5.2,0.13,3500,3500,137.05
IOC,31-Dec-2018,28-Feb-2019,CE,147.5,0,0,0,11.7,0,6.15,0,0,0,0,0,137.05
IOC,31-Dec-2018,28-Feb-2019,CE,150,1.9,1.9,1.9,1.9,1.9,1.9,1,5.32,0.07,3500,3500,137.05
IOC,31-Dec-2018,28-Feb-2019,CE,152.5,0,0,0,10.1,0,4.7,0,0,0,0,0,137.05
IOC,31-Dec-2018,28-Feb-2019,CE,155,0,0,0,9.35,0,4.1,0,0,0,0,0,137.05
IOC,31-Dec-2018,28-Feb-2019,CE,157.5,0,0,0,8.7,0,3.55,0,0,0,0,0,137.05
IOC,31-Dec-2018,28-Feb-2019,CE,160,0,0,0,8.05,0,3.05,0,0,0,0,0,137.05
IOC,31-Dec-2018,28-Feb-2019,CE,162.5,0,0,0,7.45,0,2.6,0,0,0,0,0,137.05
IOC,31-Dec-2018,28-Feb-2019,CE,165,0,0,0,6.9,0,2.25,0,0,0,0,0,137.05
IOC,31-Dec-2018,28-Feb-2019,CE,167.5,0,0,0,6.4,0,1.9,0,0,0,0,0,137.05
IOC,31-Dec-2018,28-Feb-2019,CE,170,0,0,0,5.9,0,1.65,0,0,0,0,0,137.05
IOC,31-Dec-2018,28-Feb-2019,CE,172.5,0,0,0,5.45,0,1.4,0,0,0,0,0,137.05
IOC,31-Dec-2018,28-Feb-2019,CE,175,0,0,0,5.05,0,1.2,0,0,0,0,0,137.05
IOC,31-Dec-2018,28-Feb-2019,CE,177.5,0,0,0,4.65,0,1,0,0,0,0,0,137.05
IOC,31-Dec-2018,28-Feb-2019,CE,180,0,0,0,4.3,0,0.85,0,0,0,0,0,137.05
IOC,31-Dec-2018,28-Feb-2019,CE,182.5,0,0,0,3.95,0,0.7,0,0,0,0,0,137.05
IOC,31-Dec-2018,28-Feb-2019,CE,185,0,0,0,3.65,0,0.6,0,0,0,0,0,137.05
IOC,31-Dec-2018,28-Mar-2019,CE,95,0,0,0,41.15,0,44.1,0,0,0,0,0,137.05
IOC,31-Dec-2018,28-Mar-2019,CE,185,0,0,0,1.25,0,1.45,0,0,0,0,0,137.05
IOC,31-Dec-2018,28-Mar-2019,CE,105,0,0,0,32.3,0,35,0,0,0,0,0,137.05
IOC,31-Dec-2018,28-Mar-2019,CE,110,0,0,0,28.2,0,30.75,0,0,0,0,0,137.05
IOC,31-Dec-2018,28-Mar-2019,CE,115,0,0,0,24.35,0,26.7,0,0,0,0,0,137.05
IOC,31-Dec-2018,28-Mar-2019,CE,120,0,0,0,20.85,0,23,0,0,0,0,0,137.05
IOC,31-Dec-2018,28-Mar-2019,CE,125,0,0,0,17.65,0,19.6,0,0,0,0,0,137.05
IOC,31-Dec-2018,28-Mar-2019,CE,130,0,0,0,14.8,0,16.55,0,0,0,0,0,137.05
IOC,31-Dec-2018,28-Mar-2019,CE,135,0,0,0,12.3,0,13.8,0,0,0,0,0,137.05
IOC,31-Dec-2018,28-Mar-2019,CE,140,0,0,0,10.1,0,11.45,0,0,0,0,0,137.05
IOC,31-Dec-2018,28-Mar-2019,CE,145,0,0,0,8.25,0,9.35,0,0,0,0,0,137.05
IOC,31-Dec-2018,28-Mar-2019,CE,150,0,0,0,6.7,0,7.6,0,0,0,0,0,137.05
IOC,31-Dec-2018,28-Mar-2019,CE,155,0,0,0,5.35,0,6.15,0,0,0,0,0,137.05
IOC,31-Dec-2018,28-Mar-2019,CE,160,0,0,0,4.3,0,4.9,0,0,0,0,0,137.05
IOC,31-Dec-2018,28-Mar-2019,CE,165,0,0,0,3.4,0,3.9,0,0,0,0,0,137.05
IOC,31-Dec-2018,28-Mar-2019,CE,170,0,0,0,2.7,0,3.1,0,0,0,0,0,137.05
IOC,31-Dec-2018,28-Mar-2019,CE,175,0,0,0,2.1,0,2.45,0,0,0,0,0,137.05
IOC,31-Dec-2018,28-Mar-2019,CE,180,0,0,0,1.65,0,1.9,0,0,0,0,0,137.05
IOC,31-Dec-2018,28-Mar-2019,CE,100,0,0,0,36.65,0,39.45,0,0,0,0,0,137.05
IOC,31-Dec-2018,31-Jan-2019,PE,92.5,0,0,0,3.55,0,0,0,0,0,0,0,137.05
IOC,31-Dec-2018,31-Jan-2019,PE,190,0,0,0,50.8,50.8,51.8,0,0,0,59500,0,137.05
IOC,31-Dec-2018,31-Jan-2019,PE,97.5,0,0,0,4.65,0,0.05,0,0,0,0,0,137.05
IOC,31-Dec-2018,31-Jan-2019,PE,100,0,0,0,5.25,0,0.05,0,0,0,0,0,137.05
IOC,31-Dec-2018,31-Jan-2019,PE,102.5,0,0,0,5.9,0,0.05,0,0,0,0,0,137.05
IOC,31-Dec-2018,31-Jan-2019,PE,105,0,0,0,6.6,0,0.1,0,0,0,0,0,137.05
IOC,31-Dec-2018,31-Jan-2019,PE,107.5,0,0,0,7.35,0,0.15,0,0,0,0,0,137.05
IOC,31-Dec-2018,31-Jan-2019,PE,110,0,0,0,0.4,0.4,0.25,0,0,0,98000,0,137.05
IOC,31-Dec-2018,31-Jan-2019,PE,112.5,0,0,0,9,0,0.4,0,0,0,0,0,137.05
IOC,31-Dec-2018,31-Jan-2019,PE,115,0,0,0,0.8,0.8,0.55,0,0,0,17500,0,137.05
IOC,31-Dec-2018,31-Jan-2019,PE,117.5,0,0,0,10.85,0,0.8,0,0,0,0,0,137.05
IOC,31-Dec-2018,31-Jan-2019,PE,120,0.3,0.45,0.3,0.45,0.45,0.45,24,101.12,0.32,171500,17500,137.05
IOC,31-Dec-2018,31-Jan-2019,PE,122.5,0,0,0,12.85,0,1.6,0,0,0,0,0,137.05
IOC,31-Dec-2018,31-Jan-2019,PE,125,0.65,0.8,0.6,0.8,0.8,0.8,26,114.43,0.68,290500,35000,137.05
IOC,31-Dec-2018,31-Jan-2019,PE,127.5,1.1,1.2,1.1,1.2,1.2,1.2,3,13.51,0.12,38500,3500,137.05
IOC,31-Dec-2018,31-Jan-2019,PE,130,1.3,1.8,1.25,1.75,1.7,1.75,207,952.79,10.94,931000,80500,137.05
IOC,31-Dec-2018,31-Jan-2019,PE,132.5,2.05,2.55,1.8,2.55,2.55,2.55,36,169.59,2.64,126000,98000,137.05
IOC,31-Dec-2018,31-Jan-2019,PE,135,2.65,3.55,2.6,3.5,3.4,3.5,145,700.09,14.97,836500,17500,137.05
IOC,31-Dec-2018,31-Jan-2019,PE,137.5,4,4.95,3.65,4.75,4.65,4.75,69,342.07,10,105000,63000,137.05
IOC,31-Dec-2018,31-Jan-2019,PE,140,5,6.4,4.65,6.2,6.2,6.2,346,1765.31,69.91,1067500,-10500,137.05
IOC,31-Dec-2018,31-Jan-2019,PE,142.5,0,0,0,5.25,5.25,9.6,0,0,0,3500,0,137.05
IOC,31-Dec-2018,31-Jan-2019,PE,145,8.3,10,8,9.9,10,9.9,19,102.59,6.16,182000,3500,137.05
IOC,31-Dec-2018,31-Jan-2019,PE,147.5,0,0,0,25.75,0,12.95,0,0,0,0,0,137.05
IOC,31-Dec-2018,31-Jan-2019,PE,150,12.65,12.65,11.95,11.95,11.95,11.95,3,17.05,1.3,21000,-7000,137.05
IOC,31-Dec-2018,31-Jan-2019,PE,152.5,0,0,0,28.85,0,16.75,0,0,0,0,0,137.05
IOC,31-Dec-2018,31-Jan-2019,PE,155,0,0,0,20,20,18.8,0,0,0,7000,0,137.05
IOC,31-Dec-2018,31-Jan-2019,PE,157.5,0,0,0,32.05,0,20.9,0,0,0,0,0,137.05
IOC,31-Dec-2018,31-Jan-2019,PE,160,0,0,0,26,26,23.1,0,0,0,3500,0,137.05
IOC,31-Dec-2018,31-Jan-2019,PE,162.5,0,0,0,35.4,0,25.3,0,0,0,0,0,137.05
IOC,31-Dec-2018,31-Jan-2019,PE,165,0,0,0,37.15,0,27.6,0,0,0,0,0,137.05
IOC,31-Dec-2018,31-Jan-2019,PE,167.5,0,0,0,38.9,0,29.95,0,0,0,0,0,137.05
IOC,31-Dec-2018,31-Jan-2019,PE,170,0,0,0,35.5,35.5,32.3,0,0,0,17500,0,137.05
IOC,31-Dec-2018,31-Jan-2019,PE,172.5,0,0,0,42.5,0,34.7,0,0,0,0,0,137.05
IOC,31-Dec-2018,31-Jan-2019,PE,175,0,0,0,39,39,37.1,0,0,0,7000,0,137.05
IOC,31-Dec-2018,31-Jan-2019,PE,177.5,0,0,0,46.2,0,39.5,0,0,0,0,0,137.05
IOC,31-Dec-2018,31-Jan-2019,PE,180,0,0,0,48.1,0,41.95,0,0,0,0,0,137.05
IOC,31-Dec-2018,31-Jan-2019,PE,182.5,0,0,0,50,0,44.4,0,0,0,0,0,137.05
IOC,31-Dec-2018,31-Jan-2019,PE,185,0,0,0,46.9,47,46.85,0,0,0,10500,0,137.05
IOC,31-Dec-2018,31-Jan-2019,PE,187.5,0,0,0,53.9,0,49.35,0,0,0,0,0,137.05
IOC,31-Dec-2018,31-Jan-2019,PE,95,0,0,0,4.05,0,0.05,0,0,0,0,0,137.05
IOC,31-Dec-2018,28-Feb-2019,PE,92.5,0,0,0,1.3,0,0.1,0,0,0,0,0,137.05
IOC,31-Dec-2018,28-Feb-2019,PE,95,0,0,0,1.6,0,0.15,0,0,0,0,0,137.05
IOC,31-Dec-2018,28-Feb-2019,PE,97.5,0,0,0,1.95,0,0.2,0,0,0,0,0,137.05
IOC,31-Dec-2018,28-Feb-2019,PE,100,0,0,0,2.35,0,0.25,0,0,0,0,0,137.05
IOC,31-Dec-2018,28-Feb-2019,PE,102.5,0,0,0,2.8,0,0.4,0,0,0,0,0,137.05
IOC,31-Dec-2018,28-Feb-2019,PE,105,0,0,0,3.3,0,0.5,0,0,0,0,0,137.05
IOC,31-Dec-2018,28-Feb-2019,PE,107.5,0,0,0,3.85,0,0.7,0,0,0,0,0,137.05
IOC,31-Dec-2018,28-Feb-2019,PE,110,0,0,0,4.5,0,0.95,0,0,0,0,0,137.05
IOC,31-Dec-2018,28-Feb-2019,PE,112.5,0,0,0,5.2,0,1.25,0,0,0,0,0,137.05
IOC,31-Dec-2018,28-Feb-2019,PE,115,0,0,0,5.95,0,1.6,0,0,0,0,0,137.05
IOC,31-Dec-2018,28-Feb-2019,PE,117.5,0,0,0,6.75,0,2.05,0,0,0,0,0,137.05
IOC,31-Dec-2018,28-Feb-2019,PE,120,0,0,0,7.65,0,2.6,0,0,0,0,0,137.05
IOC,31-Dec-2018,28-Feb-2019,PE,122.5,0,0,0,8.6,0,3.2,0,0,0,0,0,137.05
IOC,31-Dec-2018,28-Feb-2019,PE,125,0,0,0,9.6,0,3.9,0,0,0,0,0,137.05
IOC,31-Dec-2018,28-Feb-2019,PE,127.5,0,0,0,10.7,0,4.7,0,0,0,0,0,137.05
IOC,31-Dec-2018,28-Feb-2019,PE,130,0,0,0,11.85,0,5.6,0,0,0,0,0,137.05
IOC,31-Dec-2018,28-Feb-2019,PE,132.5,0,0,0,13.05,0,6.65,0,0,0,0,0,137.05
IOC,31-Dec-2018,28-Feb-2019,PE,135,5,5,5,5,5,5,1,4.9,0.18,3500,3500,137.05
IOC,31-Dec-2018,28-Feb-2019,PE,137.5,0,0,0,15.7,0,8.95,0,0,0,0,0,137.05
IOC,31-Dec-2018,28-Feb-2019,PE,140,0,0,0,17.1,0,10.3,0,0,0,0,0,137.05
IOC,31-Dec-2018,28-Feb-2019,PE,142.5,0,0,0,18.55,0,11.7,0,0,0,0,0,137.05
IOC,31-Dec-2018,28-Feb-2019,PE,145,0,0,0,20.05,0,13.25,0,0,0,0,0,137.05
IOC,31-Dec-2018,28-Feb-2019,PE,147.5,0,0,0,21.65,0,14.85,0,0,0,0,0,137.05
IOC,31-Dec-2018,28-Feb-2019,PE,150,0,0,0,23.25,0,16.55,0,0,0,0,0,137.05
IOC,31-Dec-2018,28-Feb-2019,PE,152.5,0,0,0,24.9,0,18.3,0,0,0,0,0,137.05
IOC,31-Dec-2018,28-Feb-2019,PE,155,0,0,0,26.65,0,20.15,0,0,0,0,0,137.05
IOC,31-Dec-2018,28-Feb-2019,PE,157.5,0,0,0,28.4,0,22.1,0,0,0,0,0,137.05
IOC,31-Dec-2018,28-Feb-2019,PE,160,0,0,0,30.25,0,24.1,0,0,0,0,0,137.05
IOC,31-Dec-2018,28-Feb-2019,PE,162.5,0,0,0,32.1,0,26.1,0,0,0,0,0,137.05
IOC,31-Dec-2018,28-Feb-2019,PE,165,0,0,0,34,0,28.2,0,0,0,0,0,137.05
IOC,31-Dec-2018,28-Feb-2019,PE,167.5,0,0,0,35.95,0,30.35,0,0,0,0,0,137.05
IOC,31-Dec-2018,28-Feb-2019,PE,170,0,0,0,37.9,0,32.55,0,0,0,0,0,137.05
IOC,31-Dec-2018,28-Feb-2019,PE,172.5,0,0,0,39.9,0,34.8,0,0,0,0,0,137.05
IOC,31-Dec-2018,28-Feb-2019,PE,175,0,0,0,41.95,0,37.05,0,0,0,0,0,137.05
IOC,31-Dec-2018,28-Feb-2019,PE,177.5,0,0,0,44,0,39.35,0,0,0,0,0,137.05
IOC,31-Dec-2018,28-Feb-2019,PE,180,0,0,0,46.1,0,41.65,0,0,0,0,0,137.05
IOC,31-Dec-2018,28-Feb-2019,PE,182.5,0,0,0,48.2,0,44,0,0,0,0,0,137.05
IOC,31-Dec-2018,28-Feb-2019,PE,185,0,0,0,50.35,0,46.35,0,0,0,0,0,137.05
IOC,31-Dec-2018,28-Mar-2019,PE,95,0,0,0,0.5,0,0.35,0,0,0,0,0,137.05
IOC,31-Dec-2018,28-Mar-2019,PE,185,0,0,0,48.95,0,46.15,0,0,0,0,0,137.05
IOC,31-Dec-2018,28-Mar-2019,PE,105,0,0,0,1.45,0,1.1,0,0,0,0,0,137.05
IOC,31-Dec-2018,28-Mar-2019,PE,110,0,0,0,2.25,0,1.75,0,0,0,0,0,137.05
IOC,31-Dec-2018,28-Mar-2019,PE,115,0,0,0,3.35,0,2.65,0,0,0,0,0,137.05
IOC,31-Dec-2018,28-Mar-2019,PE,120,0,0,0,4.7,0,3.85,0,0,0,0,0,137.05
IOC,31-Dec-2018,28-Mar-2019,PE,125,0,0,0,6.45,0,5.35,0,0,0,0,0,137.05
IOC,31-Dec-2018,28-Mar-2019,PE,130,0,0,0,8.5,0,7.2,0,0,0,0,0,137.05
IOC,31-Dec-2018,28-Mar-2019,PE,135,0,0,0,10.9,0,9.4,0,0,0,0,0,137.05
IOC,31-Dec-2018,28-Mar-2019,PE,140,0,0,0,13.65,0,11.9,0,0,0,0,0,137.05
IOC,31-Dec-2018,28-Mar-2019,PE,145,0,0,0,16.7,0,14.75,0,0,0,0,0,137.05
IOC,31-Dec-2018,28-Mar-2019,PE,150,0,0,0,20,0,17.9,0,0,0,0,0,137.05
IOC,31-Dec-2018,28-Mar-2019,PE,155,0,0,0,23.6,0,21.35,0,0,0,0,0,137.05
IOC,31-Dec-2018,28-Mar-2019,PE,160,0,0,0,27.45,0,25.05,0,0,0,0,0,137.05
IOC,31-Dec-2018,28-Mar-2019,PE,165,0,0,0,31.45,0,28.95,0,0,0,0,0,137.05
IOC,31-Dec-2018,28-Mar-2019,PE,170,0,0,0,35.65,0,33.05,0,0,0,0,0,137.05
IOC,31-Dec-2018,28-Mar-2019,PE,175,0,0,0,39.95,0,37.3,0,0,0,0,0,137.05
IOC,31-Dec-2018,28-Mar-2019,PE,180,0,0,0,44.4,0,41.65,0,0,0,0,0,137.05
IOC,31-Dec-2018,28-Mar-2019,PE,100,0,0,0,0.9,0,0.65,0,0,0,0,0,137.05
TATAMOTORS,31-Dec-2018,31-Jan-2019,CE,105,0,0,0,63.8,0,68.4,0,0,0,0,0,172.7
TATAMOTORS,31-Dec-2018,31-Jan-2019,CE,265,0,0,0,0.05,0.05,0,0,0,0,40000,0,172.7
TATAMOTORS,31-Dec-2018,31-Jan-2019,CE,115,0,0,0,55.25,0,58.45,0,0,0,0,0,172.7
TATAMOTORS,31-Dec-2018,31-Jan-2019,CE,120,0,0,0,51.15,0,53.5,0,0,0,0,0,172.7
TATAMOTORS,31-Dec-2018,31-Jan-2019,CE,125,0,0,0,47.25,0,48.55,0,0,0,0,0,172.7
TATAMOTORS,31-Dec-2018,31-Jan-2019,CE,130,0,0,0,43.55,0,43.6,0,0,0,0,0,172.7
TATAMOTORS,31-Dec-2018,31-Jan-2019,CE,135,0,0,0,40,0,38.7,0,0,0,0,0,172.7
TATAMOTORS,31-Dec-2018,31-Jan-2019,CE,140,0,0,0,32,32,33.85,0,0,0,4000,0,172.7
TATAMOTORS,31-Dec-2018,31-Jan-2019,CE,145,0,0,0,33.55,0,29.15,0,0,0,0,0,172.7
TATAMOTORS,31-Dec-2018,31-Jan-2019,CE,150,0,0,0,23.45,23.45,24.65,0,0,0,14000,0,172.7
TATAMOTORS,31-Dec-2018,31-Jan-2019,CE,155,20.95,20.95,19.8,19.8,19.8,19.8,3,10.51,1.21,12000,0,172.7
TATAMOTORS,31-Dec-2018,31-Jan-2019,CE,160,17.45,17.45,16,16.55,16.55,16.55,11,38.86,3.66,196000,18000,172.7
TATAMOTORS,31-Dec-2018,31-Jan-2019,CE,165,12.7,13.6,12.2,12.55,12.6,12.55,19,67.59,4.89,66000,12000,172.7
TATAMOTORS,31-Dec-2018,31-Jan-2019,CE,170,9.65,10.45,9.05,9.65,9.85,9.65,761,2735.24,147.84,972000,44000,172.7
TATAMOTORS,31-Dec-2018,31-Jan-2019,CE,175,6.85,7.75,6.5,7,7.15,7,640,2330.41,90.41,726000,94000,172.7
TATAMOTORS,31-Dec-2018,31-Jan-2019,CE,180,5.95,5.95,4.65,5,5,5,1343,4970.78,135.98,2296000,284000,172.7
TATAMOTORS,31-Dec-2018,31-Jan-2019,CE,185,3.45,3.9,3.2,3.45,3.5,3.45,384,1447.52,26.72,692000,130000,172.7
TATAMOTORS,31-Dec-2018,31-Jan-2019,CE,190,2.55,2.7,2.2,2.35,2.35,2.35,970,3732.69,46.69,1744000,340000,172.7
TATAMOTORS,31-Dec-2018,31-Jan-2019,CE,195,1.7,1.85,1.5,1.6,1.65,1.6,121,475.92,4.02,324000,26000,172.7
TATAMOTORS,31-Dec-2018,31-Jan-2019,CE,200,1.25,1.35,1.1,1.15,1.2,1.15,589,2370.26,14.26,2244000,84000,172.7
TATAMOTORS,31-Dec-2018,31-Jan-2019,CE,205,0.8,0.95,0.75,0.85,0.85,0.85,41,168.8,0.7,130000,28000,172.7
TATAMOTORS,31-Dec-2018,31-Jan-2019,CE,210,0.65,0.7,0.55,0.6,0.6,0.6,237,998.38,2.98,708000,38000,172.7
TATAMOTORS,31-Dec-2018,31-Jan-2019,CE,215,0.45,0.5,0.45,0.45,0.45,0.45,43,185.32,0.42,78000,36000,172.7
TATAMOTORS,31-Dec-2018,31-Jan-2019,CE,220,0.4,0.4,0.35,0.35,0.35,0.35,76,334.95,0.55,348000,24000,172.7
TATAMOTORS,31-Dec-2018,31-Jan-2019,CE,225,0.3,0.3,0.3,0.3,0.3,0.3,4,18.02,0.02,12000,2000,172.7
TATAMOTORS,31-Dec-2018,31-Jan-2019,CE,230,0.25,0.25,0.2,0.25,0.25,0.25,9,41.44,0.04,42000,10000,172.7
TATAMOTORS,31-Dec-2018,31-Jan-2019,CE,235,0.25,0.25,0.25,0.25,0.25,0.25,1,4.71,0.01,2000,0,172.7
TATAMOTORS,31-Dec-2018,31-Jan-2019,CE,240,0.15,0.15,0.15,0.15,0.15,0.15,1,4.8,0,22000,0,172.7
TATAMOTORS,31-Dec-2018,31-Jan-2019,CE,245,0.1,0.1,0.1,0.1,0.1,0.1,1,4.9,0,2000,0,172.7
TATAMOTORS,31-Dec-2018,31-Jan-2019,CE,250,0.15,0.15,0.1,0.15,0.15,0.15,11,55.03,0.03,142000,-8000,172.7
TATAMOTORS,31-Dec-2018,31-Jan-2019,CE,255,0,0,0,3.2,0,0,0,0,0,0,0,172.7
TATAMOTORS,31-Dec-2018,31-Jan-2019,CE,260,0.15,0.15,0.15,0.15,0.15,0.15,2,10.41,0.01,80000,0,172.7
TATAMOTORS,31-Dec-2018,31-Jan-2019,CE,110,0,0,0,58,58,63.4,0,0,0,2000,0,172.7
TATAMOTORS,31-Dec-2018,28-Feb-2019,CE,105,0,0,0,74.35,0,69,0,0,0,0,0,172.7
TATAMOTORS,31-Dec-2018,28-Feb-2019,CE,110,0,0,0,69.5,0,64.05,0,0,0,0,0,172.7
TATAMOTORS,31-Dec-2018,28-Feb-2019,CE,115,0,0,0,64.75,0,59.15,0,0,0,0,0,172.7
TATAMOTORS,31-Dec-2018,28-Feb-2019,CE,120,0,0,0,60.05,0,54.25,0,0,0,0,0,172.7
TATAMOTORS,31-Dec-2018,28-Feb-2019,CE,125,0,0,0,55.45,0,49.4,0,0,0,0,0,172.7
TATAMOTORS,31-Dec-2018,28-Feb-2019,CE,130,0,0,0,51,0,44.65,0,0,0,0,0,172.7
TATAMOTORS,31-Dec-2018,28-Feb-2019,CE,135,0,0,0,46.65,0,39.95,0,0,0,0,0,172.7
TATAMOTORS,31-Dec-2018,28-Feb-2019,CE,140,0,0,0,42.5,0,35.45,0,0,0,0,0,172.7
TATAMOTORS,31-Dec-2018,28-Feb-2019,CE,145,0,0,0,38.5,0,31.1,0,0,0,0,0,172.7
TATAMOTORS,31-Dec-2018,28-Feb-2019,CE,150,0,0,0,34.7,0,27,0,0,0,0,0,172.7
TATAMOTORS,31-Dec-2018,28-Feb-2019,CE,155,0,0,0,31.15,0,23.2,0,0,0,0,0,172.7
TATAMOTORS,31-Dec-2018,28-Feb-2019,CE,160,20,20,20,20,20,20,1,3.6,0.4,6000,2000,172.7
TATAMOTORS,31-Dec-2018,28-Feb-2019,CE,165,0,0,0,24.7,0,16.55,0,0,0,0,0,172.7
TATAMOTORS,31-Dec-2018,28-Feb-2019,CE,170,0,0,0,12.95,12.95,13.7,0,0,0,36000,0,172.7
TATAMOTORS,31-Dec-2018,28-Feb-2019,CE,175,0,0,0,19.25,0,11.25,0,0,0,0,0,172.7
TATAMOTORS,31-Dec-2018,28-Feb-2019,CE,180,0,0,0,12,12,9.1,0,0,0,58000,0,172.7
TATAMOTORS,31-Dec-2018,28-Feb-2019,CE,185,0,0,0,14.75,0,7.3,0,0,0,0,0,172.7
TATAMOTORS,31-Dec-2018,28-Feb-2019,CE,190,0,0,0,5.7,5.7,5.8,0,0,0,2000,0,172.7
TATAMOTORS,31-Dec-2018,28-Feb-2019,CE,195,0,0,0,11.15,0,4.55,0,0,0,0,0,172.7
TATAMOTORS,31-Dec-2018,28-Feb-2019,CE,200,3.9,4.05,3.6,3.6,3.6,3.6,8,32.62,0.62,130000,12000,172.7
TATAMOTORS,31-Dec-2018,28-Feb-2019,CE,205,0,0,0,8.25,0,2.75,0,0,0,0,0,172.7
TATAMOTORS,31-Dec-2018,28-Feb-2019,CE,210,0,0,0,7.1,0,2.1,0,0,0,0,0,172.7
TATAMOTORS,31-Dec-2018,28-Feb-2019,CE,215,0,0,0,6.1,0,1.6,0,0,0,0,0,172.7
TATAMOTORS,31-Dec-2018,28-Feb-2019,CE,220,2,2.15,1.3,1.3,1.3,1.3,6,26.61,0.21,8000,8000,172.7
TATAMOTORS,31-Dec-2018,28-Feb-2019,CE,225,0,0,0,4.4,0,0.9,0,0,0,0,0,172.7
TATAMOTORS,31-Dec-2018,28-Feb-2019,CE,230,0,0,0,3.75,0,0.65,0,0,0,0,0,172.7
TATAMOTORS,31-Dec-2018,28-Feb-2019,CE,235,0,0,0,3.15,0,0.5,0,0,0,0,0,172.7
TATAMOTORS,31-Dec-2018,28-Feb-2019,CE,240,0,0,0,2.65,0,0.35,0,0,0,0,0,172.7
TATAMOTORS,31-Dec-2018,28-Feb-2019,CE,245,0,0,0,2.25,0,0.25,0,0,0,0,0,172.7
TATAMOTORS,31-Dec-2018,28-Feb-2019,CE,250,0,0,0,1.9,0,0.2,0,0,0,0,0,172.7
TATAMOTORS,31-Dec-2018,28-Feb-2019,CE,255,0,0,0,1.6,0,0.15,0,0,0,0,0,172.7
TATAMOTORS,31-Dec-2018,28-Feb-2019,CE,260,0,0,0,1.35,0,0.1,0,0,0,0,0,172.7
TATAMOTORS,31-Dec-2018,28-Feb-2019,CE,265,0,0,0,1.1,0,0.1,0,0,0,0,0,172.7
TATAMOTORS,31-Dec-2018,28-Mar-2019,CE,105,0,0,0,65.3,0,69.6,0,0,0,0,0,172.7
TATAMOTORS,31-Dec-2018,28-Mar-2019,CE,240,0,0,0,1.05,0,1.05,0,0,0,0,0,172.7
TATAMOTORS,31-Dec-2018,28-Mar-2019,CE,115,0,0,0,55.75,0,59.9,0,0,0,0,0,172.7
TATAMOTORS,31-Dec-2018,28-Mar-2019,CE,120,0,0,0,51.05,0,55.15,0,0,0,0,0,172.7
TATAMOTORS,31-Dec-2018,28-Mar-2019,CE,125,0,0,0,46.5,0,50.45,0,0,0,0,0,172.7
TATAMOTORS,31-Dec-2018,28-Mar-2019,CE,130,0,0,0,42.1,0,45.85,0,0,0,0,0,172.7
TATAMOTORS,31-Dec-2018,28-Mar-2019,CE,135,0,0,0,37.85,0,41.4,0,0,0,0,0,172.7
TATAMOTORS,31-Dec-2018,28-Mar-2019,CE,140,0,0,0,33.8,0,37.15,0,0,0,0,0,172.7
TATAMOTORS,31-Dec-2018,28-Mar-2019,CE,145,0,0,0,30,0,33.05,0,0,0,0,0,172.7
TATAMOTORS,31-Dec-2018,28-Mar-2019,CE,150,0,0,0,26.4,0,29.25,0,0,0,0,0,172.7
TATAMOTORS,31-Dec-2018,28-Mar-2019,CE,155,0,0,0,23.1,0,25.65,0,0,0,0,0,172.7
TATAMOTORS,31-Dec-2018,28-Mar-2019,CE,160,0,0,0,20.1,0,22.35,0,0,0,0,0,172.7
TATAMOTORS,31-Dec-2018,28-Mar-2019,CE,165,0,0,0,17.35,0,19.3,0,0,0,0,0,172.7
TATAMOTORS,31-Dec-2018,28-Mar-2019,CE,170,0,0,0,14.9,0,16.6,0,0,0,0,0,172.7
TATAMOTORS,31-Dec-2018,28-Mar-2019,CE,175,0,0,0,12.7,0,14.15,0,0,0,0,0,172.7
TATAMOTORS,31-Dec-2018,28-Mar-2019,CE,180,0,0,0,10.8,0,11.95,0,0,0,0,0,172.7
TATAMOTORS,31-Dec-2018,28-Mar-2019,CE,185,0,0,0,9.1,0,10.05,0,0,0,0,0,172.7
TATAMOTORS,31-Dec-2018,28-Mar-2019,CE,190,0,0,0,7.65,0,8.4,0,0,0,0,0,172.7
TATAMOTORS,31-Dec-2018,28-Mar-2019,CE,195,0,0,0,6.35,0,7,0,0,0,0,0,172.7
TATAMOTORS,31-Dec-2018,28-Mar-2019,CE,200,0,0,0,5.3,0,5.8,0,0,0,0,0,172.7
TATAMOTORS,31-Dec-2018,28-Mar-2019,CE,205,0,0,0,4.4,0,4.75,0,0,0,0,0,172.7
TATAMOTORS,31-Dec-2018,28-Mar-2019,CE,210,0,0,0,3.6,0,3.9,0,0,0,0,0,172.7
TATAMOTORS,31-Dec-2018,28-Mar-2019,CE,215,0,0,0,2.95,0,3.15,0,0,0,0,0,172.7
TATAMOTORS,31-Dec-2018,28-Mar-2019,CE,220,0,0,0,2.4,0,2.55,0,0,0,0,0,172.7
TATAMOTORS,31-Dec-2018,28-Mar-2019,CE,225,0,0,0,1.95,0,2.05,0,0,0,0,0,172.7
TATAMOTORS,31-Dec-2018,28-Mar-2019,CE,230,0,0,0,1.6,0,1.65,0,0,0,0,0,172.7
TATAMOTORS,31-Dec-2018,28-Mar-2019,CE,235,0,0,0,1.3,0,1.3,0,0,0,0,0,172.7
TATAMOTORS,31-Dec-2018,28-Mar-2019,CE,110,0,0,0,60.5,0,64.75,0,0,0,0,0,172.7
TATAMOTORS,31-Dec-2018,31-Jan-2019,PE,105,0,0,0,1.35,0,0,0,0,0,0,0,172.7
TATAMOTORS,31-Dec-2018,31-Jan-2019,PE,265,0,0,0,91.05,91.05,90.65,0,0,0,866000,0,172.7
TATAMOTORS,31-Dec-2018,31-Jan-2019,PE,115,0,0,0,2.6,0,0,0,0,0,0,0,172.7
TATAMOTORS,31-Dec-2018,31-Jan-2019,PE,120,0,0,0,0.25,0.25,0,0,0,0,6000,0,172.7
TATAMOTORS,31-Dec-2018,31-Jan-2019,PE,125,0,0,0,4.4,0,0.05,0,0,0,0,0,172.7
TATAMOTORS,31-Dec-2018,31-Jan-2019,PE,130,0,0,0,5.6,0,0.05,0,0,0,0,0,172.7
TATAMOTORS,31-Dec-2018,31-Jan-2019,PE,135,0,0,0,0.95,0.95,0.15,0,0,0,0,0,172.7
TATAMOTORS,31-Dec-2018,31-Jan-2019,PE,140,0.6,0.65,0.55,0.55,0.55,0.55,28,78.73,0.33,272000,-6000,172.7
TATAMOTORS,31-Dec-2018,31-Jan-2019,PE,145,0.75,0.85,0.75,0.85,0.85,0.85,21,61.24,0.34,30000,20000,172.7
TATAMOTORS,31-Dec-2018,31-Jan-2019,PE,150,1.2,1.3,1.1,1.2,1.15,1.2,277,837.75,6.75,544000,76000,172.7
TATAMOTORS,31-Dec-2018,31-Jan-2019,PE,155,1.8,1.95,1.7,1.85,1.8,1.85,139,436.01,5.11,164000,-14000,172.7
TATAMOTORS,31-Dec-2018,31-Jan-2019,PE,160,2.85,2.95,2.55,2.75,2.6,2.75,426,1386.58,23.38,514000,-10000,172.7
TATAMOTORS,31-Dec-2018,31-Jan-2019,PE,165,4.45,4.45,3.8,4.05,4,4.05,507,1714.64,41.54,520000,50000,172.7
TATAMOTORS,31-Dec-2018,31-Jan-2019,PE,170,6,6.3,5.5,5.85,5.7,5.85,810,2849.22,95.22,920000,160000,172.7
TATAMOTORS,31-Dec-2018,31-Jan-2019,PE,175,7.75,8.65,7.7,8.15,8.1,8.15,160,586.15,26.15,366000,86000,172.7
TATAMOTORS,31-Dec-2018,31-Jan-2019,PE,180,11.4,11.55,10.7,11,10.95,11,26,99.35,5.75,224000,10000,172.7
TATAMOTORS,31-Dec-2018,31-Jan-2019,PE,185,14.2,14.2,14.2,14.2,14.2,14.2,1,3.98,0.28,100000,-2000,172.7
TATAMOTORS,31-Dec-2018,31-Jan-2019,PE,190,17.8,17.8,17.8,17.8,17.8,17.8,1,4.16,0.36,92000,0,172.7
TATAMOTORS,31-Dec-2018,31-Jan-2019,PE,195,0,0,0,24,24,23.05,0,0,0,8000,0,172.7
TATAMOTORS,31-Dec-2018,31-Jan-2019,PE,200,26.35,27.55,26.35,27.35,27.35,27.35,4,18.18,2.18,472000,0,172.7
TATAMOTORS,31-Dec-2018,31-Jan-2019,PE,205,0,0,0,33.95,33.95,31.9,0,0,0,2000,0,172.7
TATAMOTORS,31-Dec-2018,31-Jan-2019,PE,210,0,0,0,38.9,38.9,36.55,0,0,0,68000,0,172.7
TATAMOTORS,31-Dec-2018,31-Jan-2019,PE,215,0,0,0,42.05,42.05,41.3,0,0,0,6000,0,172.7
TATAMOTORS,31-Dec-2018,31-Jan-2019,PE,220,0,0,0,50.25,50.5,46.15,0,0,0,84000,0,172.7
TATAMOTORS,31-Dec-2018,31-Jan-2019,PE,225,0,0,0,52.75,52.75,51,0,0,0,10000,0,172.7
TATAMOTORS,31-Dec-2018,31-Jan-2019,PE,230,56.3,56.3,56.3,56.3,56.3,56.3,2,11.45,2.25,32000,0,172.7
TATAMOTORS,31-Dec-2018,31-Jan-2019,PE,235,0,0,0,60.65,60.65,60.9,0,0,0,2000,0,172.7
TATAMOTORS,31-Dec-2018,31-Jan-2019,PE,240,0,0,0,68.8,68.8,65.85,0,0,0,62000,0,172.7
TATAMOTORS,31-Dec-2018,31-Jan-2019,PE,245,0,0,0,69,69,70.8,0,0,0,2000,0,172.7
TATAMOTORS,31-Dec-2018,31-Jan-2019,PE,250,74.8,76,74.8,76,76,76,8,52.13,12.13,170000,2000,172.7
TATAMOTORS,31-Dec-2018,31-Jan-2019,PE,255,0,0,0,87.75,0,80.7,0,0,0,0,0,172.7
TATAMOTORS,31-Dec-2018,31-Jan-2019,PE,260,84,84,84,84,84,84,1,6.88,1.68,142000,2000,172.7
TATAMOTORS,31-Dec-2018,31-Jan-2019,PE,110,0,0,0,1.9,0,0,0,0,0,0,0,172.7
TATAMOTORS,31-Dec-2018,28-Feb-2019,PE,105,0,0,0,0.15,0,0.05,0,0,0,0,0,172.7
TATAMOTORS,31-Dec-2018,28-Feb-2019,PE,110,0,0,0,0.25,0,0.05,0,0,0,0,0,172.7
TATAMOTORS,31-Dec-2018,28-Feb-2019,PE,115,0,0,0,0.35,0,0.05,0,0,0,0,0,172.7
TATAMOTORS,31-Dec-2018,28-Feb-2019,PE,120,0,0,0,0.6,0,0.1,0,0,0,0,0,172.7
TATAMOTORS,31-Dec-2018,28-Feb-2019,PE,125,0,0,0,0.9,0,0.2,0,0,0,0,0,172.7
TATAMOTORS,31-Dec-2018,28-Feb-2019,PE,130,0,0,0,1.35,0,0.35,0,0,0,0,0,172.7
TATAMOTORS,31-Dec-2018,28-Feb-2019,PE,135,0,0,0,1.9,0,0.65,0,0,0,0,0,172.7
TATAMOTORS,31-Dec-2018,28-Feb-2019,PE,140,0,0,0,2.65,0,1.05,0,0,0,0,0,172.7
TATAMOTORS,31-Dec-2018,28-Feb-2019,PE,145,0,0,0,2.6,2.6,1.7,0,0,0,4000,0,172.7
TATAMOTORS,31-Dec-2018,28-Feb-2019,PE,150,0,0,0,3.55,3.55,2.5,0,0,0,4000,0,172.7
TATAMOTORS,31-Dec-2018,28-Feb-2019,PE,155,0,0,0,6,0,3.65,0,0,0,0,0,172.7
TATAMOTORS,31-Dec-2018,28-Feb-2019,PE,160,0,0,0,7.6,0,5.1,0,0,0,0,0,172.7
TATAMOTORS,31-Dec-2018,28-Feb-2019,PE,165,0,0,0,9.4,0,6.85,0,0,0,0,0,172.7
TATAMOTORS,31-Dec-2018,28-Feb-2019,PE,170,0,0,0,11.45,0,9,0,0,0,0,0,172.7
TATAMOTORS,31-Dec-2018,28-Feb-2019,PE,175,0,0,0,13.75,0,11.45,0,0,0,0,0,172.7
TATAMOTORS,31-Dec-2018,28-Feb-2019,PE,180,0,0,0,16.3,0,14.25,0,0,0,0,0,172.7
TATAMOTORS,31-Dec-2018,28-Feb-2019,PE,185,0,0,0,19.1,0,17.4,0,0,0,0,0,172.7
TATAMOTORS,31-Dec-2018,28-Feb-2019,PE,190,21,21,21,21,21,21,1,4.22,0.42,2000,2000,172.7
TATAMOTORS,31-Dec-2018,28-Feb-2019,PE,195,0,0,0,25.25,0,24.55,0,0,0,0,0,172.7
TATAMOTORS,31-Dec-2018,28-Feb-2019,PE,200,0,0,0,28.65,0,28.45,0,0,0,0,0,172.7
TATAMOTORS,31-Dec-2018,28-Feb-2019,PE,205,0,0,0,32.2,0,32.6,0,0,0,0,0,172.7
TATAMOTORS,31-Dec-2018,28-Feb-2019,PE,210,0,0,0,35.95,0,36.9,0,0,0,0,0,172.7
TATAMOTORS,31-Dec-2018,28-Feb-2019,PE,215,0,0,0,39.85,0,41.3,0,0,0,0,0,172.7
TATAMOTORS,31-Dec-2018,28-Feb-2019,PE,220,0,0,0,43.85,0,45.85,0,0,0,0,0,172.7
TATAMOTORS,31-Dec-2018,28-Feb-2019,PE,225,0,0,0,48,0,50.5,0,0,0,0,0,172.7
TATAMOTORS,31-Dec-2018,28-Feb-2019,PE,230,0,0,0,52.2,0,55.2,0,0,0,0,0,172.7
TATAMOTORS,31-Dec-2018,28-Feb-2019,PE,235,0,0,0,56.55,0,59.95,0,0,0,0,0,172.7
TATAMOTORS,31-Dec-2018,28-Feb-2019,PE,240,0,0,0,60.95,0,64.8,0,0,0,0,0,172.7
TATAMOTORS,31-Dec-2018,28-Feb-2019,PE,245,0,0,0,65.45,0,69.65,0,0,0,0,0,172.7
TATAMOTORS,31-Dec-2018,28-Feb-2019,PE,250,0,0,0,70,0,74.5,0,0,0,0,0,172.7
TATAMOTORS,31-Dec-2018,28-Feb-2019,PE,255,0,0,0,74.6,0,79.4,0,0,0,0,0,172.7
TATAMOTORS,31-Dec-2018,28-Feb-2019,PE,260,0,0,0,79.25,0,84.3,0,0,0,0,0,172.7
TATAMOTORS,31-Dec-2018,28-Feb-2019,PE,265,0,0,0,83.95,0,89.2,0,0,0,0,0,172.7
TATAMOTORS,31-Dec-2018,28-Mar-2019,PE,105,0,0,0,0.1,0,0.05,0,0,0,0,0,172.7
TATAMOTORS,31-Dec-2018,28-Mar-2019,PE,240,0,0,0,68.35,0,64.1,0,0,0,0,0,172.7
TATAMOTORS,31-Dec-2018,28-Mar-2019,PE,115,0,0,0,0.35,0,0.2,0,0,0,0,0,172.7
TATAMOTORS,31-Dec-2018,28-Mar-2019,PE,120,0,0,0,0.6,0,0.35,0,0,0,0,0,172.7
TATAMOTORS,31-Dec-2018,28-Mar-2019,PE,125,0,0,0,0.95,0,0.55,0,0,0,0,0,172.7
TATAMOTORS,31-Dec-2018,28-Mar-2019,PE,130,0,0,0,1.45,0,0.85,0,0,0,0,0,172.7
TATAMOTORS,31-Dec-2018,28-Mar-2019,PE,135,0,0,0,2.1,0,1.35,0,0,0,0,0,172.7
TATAMOTORS,31-Dec-2018,28-Mar-2019,PE,140,0,0,0,2.95,0,1.95,0,0,0,0,0,172.7
TATAMOTORS,31-Dec-2018,28-Mar-2019,PE,145,0,0,0,4.05,0,2.8,0,0,0,0,0,172.7
TATAMOTORS,31-Dec-2018,28-Mar-2019,PE,150,0,0,0,5.4,0,3.9,0,0,0,0,0,172.7
TATAMOTORS,31-Dec-2018,28-Mar-2019,PE,155,0,0,0,7,0,5.2,0,0,0,0,0,172.7
TATAMOTORS,31-Dec-2018,28-Mar-2019,PE,160,0,0,0,8.9,0,6.8,0,0,0,0,0,172.7
TATAMOTORS,31-Dec-2018,28-Mar-2019,PE,165,0,0,0,11.05,0,8.7,0,0,0,0,0,172.7
TATAMOTORS,31-Dec-2018,28-Mar-2019,PE,170,0,0,0,13.5,0,10.9,0,0,0,0,0,172.7
TATAMOTORS,31-Dec-2018,28-Mar-2019,PE,175,0,0,0,16.25,0,13.35,0,0,0,0,0,172.7
TATAMOTORS,31-Dec-2018,28-Mar-2019,PE,180,0,0,0,19.2,0,16.1,0,0,0,0,0,172.7
TATAMOTORS,31-Dec-2018,28-Mar-2019,PE,185,0,0,0,22.45,0,19.1,0,0,0,0,0,172.7
TATAMOTORS,31-Dec-2018,28-Mar-2019,PE,190,0,0,0,25.9,0,22.35,0,0,0,0,0,172.7
TATAMOTORS,31-Dec-2018,28-Mar-2019,PE,195,0,0,0,29.55,0,25.85,0,0,0,0,0,172.7
TATAMOTORS,31-Dec-2018,28-Mar-2019,PE,200,0,0,0,33.35,0,29.55,0,0,0,0,0,172.7
TATAMOTORS,31-Dec-2018,28-Mar-2019,PE,205,0,0,0,37.35,0,33.45,0,0,0,0,0,172.7
TATAMOTORS,31-Dec-2018,28-Mar-2019,PE,210,0,0,0,41.5,0,37.45,0,0,0,0,0,172.7
TATAMOTORS,31-Dec-2018,28-Mar-2019,PE,215,0,0,0,45.75,0,41.65,0,0,0,0,0,172.7
TATAMOTORS,31-Dec-2018,28-Mar-2019,PE,220,0,0,0,50.1,0,45.95,0,0,0,0,0,172.7
TATAMOTORS,31-Dec-2018,28-Mar-2019,PE,225,0,0,0,54.55,0,50.4,0,0,0,0,0,172.7
TATAMOTORS,31-Dec-2018,28-Mar-2019,PE,230,0,0,0,59.1,0,54.9,0,0,0,0,0,172.7
TATAMOTORS,31-Dec-2018,28-Mar-2019,PE,235,0,0,0,63.7,0,59.5,0,0,0,0,0,172.7
TATAMOTORS,31-Dec-2018,28-Mar-2019,PE,110,0,0,0,0.2,0,0.1,0,0,0,0,0,172.7
ONGC,31-Dec-2018,31-Jan-2019,CE,112.5,0,0,0,34.8,34.8,38.15,0,0,0,7500,0,149.9
ONGC,31-Dec-2018,31-Jan-2019,CE,205,0,0,0,6.9,0,0,0,0,0,0,0,149.9
ONGC,31-Dec-2018,31-Jan-2019,CE,117.5,0,0,0,30.05,30.05,33.15,0,0,0,7500,0,149.9
ONGC,31-Dec-2018,31-Jan-2019,CE,120,0,0,0,27.6,27.6,30.7,0,0,0,7500,0,149.9
ONGC,31-Dec-2018,31-Jan-2019,CE,122.5,0,0,0,25.3,25.3,28.25,0,0,0,7500,0,149.9
ONGC,31-Dec-2018,31-Jan-2019,CE,125,0,0,0,38.85,0,25.8,0,0,0,0,0,149.9
ONGC,31-Dec-2018,31-Jan-2019,CE,127.5,0,0,0,37.1,0,23.35,0,0,0,0,0,149.9
ONGC,31-Dec-2018,31-Jan-2019,CE,130,16.7,16.7,16.35,16.35,16.35,16.35,3,16.48,1.85,45000,-3750,149.9
ONGC,31-Dec-2018,31-Jan-2019,CE,132.5,0,0,0,14.9,14.9,18.65,0,0,0,78750,0,149.9
ONGC,31-Dec-2018,31-Jan-2019,CE,135,11.6,12.5,11.6,12.5,12.5,12.5,3,16.55,1.37,86250,-11250,149.9
ONGC,31-Dec-2018,31-Jan-2019,CE,137.5,0,0,0,10.2,9.6,14.25,0,0,0,18750,0,149.9
ONGC,31-Dec-2018,31-Jan-2019,CE,140,7.4,8.7,7.35,8.05,8.05,8.05,27,149.99,8.24,135000,-3750,149.9
ONGC,31-Dec-2018,31-Jan-2019,CE,142.5,5.8,6.8,5.8,6.3,5.9,6.3,10,55.79,2.35,63750,-3750,149.9
ONGC,31-Dec-2018,31-Jan-2019,CE,145,4.65,5.7,4.6,4.95,4.85,4.95,151,850,28.94,217500,-101250,149.9
ONGC,31-Dec-2018,31-Jan-2019,CE,147.5,3.65,4.5,3.5,3.9,3.85,3.9,115,652.79,16.7,172500,15000,149.9
ONGC,31-Dec-2018,31-Jan-2019,CE,150,3,3.4,2.65,2.95,2.85,2.95,417,2391.73,46.11,1680000,258750,149.9
ONGC,31-Dec-2018,31-Jan-2019,CE,152.5,2.1,2.6,2,2.25,2.2,2.25,81,470.02,6.8,183750,45000,149.9
ONGC,31-Dec-2018,31-Jan-2019,CE,155,1.6,1.95,1.5,1.65,1.6,1.65,194,1139.78,12.16,840000,82500,149.9
ONGC,31-Dec-2018,31-Jan-2019,CE,157.5,1.45,1.45,1.2,1.25,1.25,1.25,10,59.56,0.5,108750,18750,149.9
ONGC,31-Dec-2018,31-Jan-2019,CE,160,0.9,1.05,0.8,0.85,0.8,0.85,190,1146.44,6.44,1023750,108750,149.9
ONGC,31-Dec-2018,31-Jan-2019,CE,162.5,0.7,0.7,0.7,0.7,0.7,0.7,1,6.12,0.03,22500,3750,149.9
ONGC,31-Dec-2018,31-Jan-2019,CE,165,0.5,0.6,0.45,0.55,0.55,0.55,24,148.95,0.45,146250,45000,149.9
ONGC,31-Dec-2018,31-Jan-2019,CE,167.5,0,0,0,16.45,0,0.8,0,0,0,0,0,149.9
ONGC,31-Dec-2018,31-Jan-2019,CE,170,0.3,0.35,0.3,0.35,0.35,0.35,25,159.66,0.29,150000,71250,149.9
ONGC,31-Dec-2018,31-Jan-2019,CE,172.5,0,0,0,14.7,0,0.4,0,0,0,0,0,149.9
ONGC,31-Dec-2018,31-Jan-2019,CE,175,0,0,0,0.2,0.2,0.3,0,0,0,11250,0,149.9
ONGC,31-Dec-2018,31-Jan-2019,CE,177.5,0,0,0,13.15,0,0.2,0,0,0,0,0,149.9
ONGC,31-Dec-2018,31-Jan-2019,CE,180,0.2,0.2,0.2,0.2,0.2,0.2,2,13.52,0.02,45000,7500,149.9
ONGC,31-Dec-2018,31-Jan-2019,CE,182.5,0,0,0,11.7,0,0.1,0,0,0,0,0,149.9
ONGC,31-Dec-2018,31-Jan-2019,CE,185,0,0,0,11.05,0,0.05,0,0,0,0,0,149.9
ONGC,31-Dec-2018,31-Jan-2019,CE,187.5,0,0,0,10.45,0,0.05,0,0,0,0,0,149.9
ONGC,31-Dec-2018,31-Jan-2019,CE,190,0.2,0.2,0.2,0.2,0.2,0.2,1,7.13,0.01,7500,0,149.9
ONGC,31-Dec-2018,31-Jan-2019,CE,192.5,0,0,0,9.3,0,0.05,0,0,0,0,0,149.9
ONGC,31-Dec-2018,31-Jan-2019,CE,195,0,0,0,8.75,0,0.05,0,0,0,0,0,149.9
ONGC,31-Dec-2018,31-Jan-2019,CE,197.5,0,0,0,8.25,0,0,0,0,0,0,0,149.9
ONGC,31-Dec-2018,31-Jan-2019,CE,200,0.1,0.1,0.1,0.1,0.1,0.1,1,7.5,0,3750,3750,149.9
ONGC,31-Dec-2018,31-Jan-2019,CE,202.5,0,0,0,7.35,0,0,0,0,0,0,0,149.9
ONGC,31-Dec-2018,31-Jan-2019,CE,115,0,0,0,46.25,0,35.65,0,0,0,0,0,149.9
ONGC,31-Dec-2018,28-Feb-2019,CE,112.5,0,0,0,31.7,0,38.8,0,0,0,0,0,149.9
ONGC,31-Dec-2018,28-Feb-2019,CE,115,0,0,0,29.65,0,36.35,0,0,0,0,0,149.9
ONGC,31-Dec-2018,28-Feb-2019,CE,117.5,0,0,0,27.6,0,33.95,0,0,0,0,0,149.9
ONGC,31-Dec-2018,28-Feb-2019,CE,120,0,0,0,25.65,0,31.5,0,0,0,0,0,149.9
ONGC,31-Dec-2018,28-Feb-2019,CE,122.5,0,0,0,23.8,0,29.15,0,0,0,0,0,149.9
ONGC,31-Dec-2018,28-Feb-2019,CE,125,0,0,0,22,0,26.8,0,0,0,0,0,149.9
ONGC,31-Dec-2018,28-Feb-2019,CE,127.5,0,0,0,20.3,0,24.5,0,0,0,0,0,149.9
ONGC,31-Dec-2018,28-Feb-2019,CE,130,0,0,0,18.7,0,22.3,0,0,0,0,0,149.9
ONGC,31-Dec-2018,28-Feb-2019,CE,132.5,0,0,0,17.15,0,20.15,0,0,0,0,0,149.9
ONGC,31-Dec-2018,28-Feb-2019,CE,135,0,0,0,15.7,0,18.1,0,0,0,0,0,149.9
ONGC,31-Dec-2018,28-Feb-2019,CE,137.5,0,0,0,14.3,0,16.1,0,0,0,0,0,149.9
ONGC,31-Dec-2018,28-Feb-2019,CE,140,0,0,0,13.05,0,14.25,0,0,0,0,0,149.9
ONGC,31-Dec-2018,28-Feb-2019,CE,142.5,0,0,0,11.85,0,12.5,0,0,0,0,0,149.9
ONGC,31-Dec-2018,28-Feb-2019,CE,145,0,0,0,10.75,0,10.9,0,0,0,0,0,149.9
ONGC,31-Dec-2018,28-Feb-2019,CE,147.5,0,0,0,9.7,0,9.45,0,0,0,0,0,149.9
ONGC,31-Dec-2018,28-Feb-2019,CE,150,0,0,0,8.75,0,8.1,0,0,0,0,0,149.9
ONGC,31-Dec-2018,28-Feb-2019,CE,152.5,0,0,0,7.9,0,6.9,0,0,0,0,0,149.9
ONGC,31-Dec-2018,28-Feb-2019,CE,155,0,0,0,7.1,0,5.85,0,0,0,0,0,149.9
ONGC,31-Dec-2018,28-Feb-2019,CE,157.5,0,0,0,6.35,0,4.9,0,0,0,0,0,149.9
ONGC,31-Dec-2018,28-Feb-2019,CE,160,0,0,0,5.7,0,4.1,0,0,0,0,0,149.9
ONGC,31-Dec-2018,28-Feb-2019,CE,162.5,0,0,0,5.05,0,3.35,0,0,0,0,0,149.9
ONGC,31-Dec-2018,28-Feb-2019,CE,165,0,0,0,4.5,0,2.8,0,0,0,0,0,149.9
ONGC,31-Dec-2018,28-Feb-2019,CE,167.5,0,0,0,4,0,2.25,0,0,0,0,0,149.9
ONGC,31-Dec-2018,28-Feb-2019,CE,170,0,0,0,3.55,0,1.85,0,0,0,0,0,149.9
ONGC,31-Dec-2018,28-Feb-2019,CE,172.5,0,0,0,3.15,0,1.45,0,0,0,0,0,149.9
ONGC,31-Dec-2018,28-Feb-2019,CE,175,0,0,0,2.8,0,1.15,0,0,0,0,0,149.9
ONGC,31-Dec-2018,28-Feb-2019,CE,177.5,0,0,0,2.45,0,0.95,0,0,0,0,0,149.9
ONGC,31-Dec-2018,28-Feb-2019,CE,180,0,0,0,2.2,0,0.75,0,0,0,0,0,149.9
ONGC,31-Dec-2018,28-Feb-2019,CE,182.5,0,0,0,1.9,0,0.6,0,0,0,0,0,149.9
ONGC,31-Dec-2018,28-Feb-2019,CE,185,0,0,0,1.7,0,0.45,0,0,0,0,0,149.9
ONGC,31-Dec-2018,28-Feb-2019,CE,187.5,0,0,0,1.5,0,0.35,0,0,0,0,0,149.9
ONGC,31-Dec-2018,28-Feb-2019,CE,190,0,0,0,1.3,0,0.25,0,0,0,0,0,149.9
ONGC,31-Dec-2018,28-Mar-2019,CE,115,0,0,0,37.15,0,37.15,0,0,0,0,0,149.9
ONGC,31-Dec-2018,28-Mar-2019,CE,190,0,0,0,1.05,0,0.75,0,0,0,0,0,149.9
ONGC,31-Dec-2018,28-Mar-2019,CE,125,0,0,0,28.15,0,27.95,0,0,0,0,0,149.9
ONGC,31-Dec-2018,28-Mar-2019,CE,130,0,0,0,23.95,0,23.65,0,0,0,0,0,149.9
ONGC,31-Dec-2018,28-Mar-2019,CE,135,0,0,0,20.1,0,19.65,0,0,0,0,0,149.9
ONGC,31-Dec-2018,28-Mar-2019,CE,140,0,0,0,16.55,0,16.05,0,0,0,0,0,149.9
ONGC,31-Dec-2018,28-Mar-2019,CE,145,0,0,0,13.45,0,12.85,0,0,0,0,0,149.9
ONGC,31-Dec-2018,28-Mar-2019,CE,150,0,0,0,10.75,0,10.1,0,0,0,0,0,149.9
ONGC,31-Dec-2018,28-Mar-2019,CE,155,0,0,0,8.45,0,7.75,0,0,0,0,0,149.9
ONGC,31-Dec-2018,28-Mar-2019,CE,160,0,0,0,6.55,0,5.85,0,0,0,0,0,149.9
ONGC,31-Dec-2018,28-Mar-2019,CE,165,0,0,0,5,0,4.35,0,0,0,0,0,149.9
ONGC,31-Dec-2018,28-Mar-2019,CE,170,0,0,0,3.75,0,3.15,0,0,0,0,0,149.9
ONGC,31-Dec-2018,28-Mar-2019,CE,175,0,0,0,2.75,0,2.25,0,0,0,0,0,149.9
ONGC,31-Dec-2018,28-Mar-2019,CE,180,0,0,0,2.05,0,1.6,0,0,0,0,0,149.9
ONGC,31-Dec-2018,28-Mar-2019,CE,185,0,0,0,1.45,0,1.1,0,0,0,0,0,149.9
ONGC,31-Dec-2018,28-Mar-2019,CE,120,0,0,0,32.55,0,32.45,0,0,0,0,0,149.9
ONGC,31-Dec-2018,31-Jan-2019,PE,112.5,0,0,0,3.15,0,0,0,0,0,0,0,149.9
ONGC,31-Dec-2018,31-Jan-2019,PE,205,0,0,0,57,57,53.8,0,0,0,7500,0,149.9
ONGC,31-Dec-2018,31-Jan-2019,PE,117.5,0,0,0,0.6,0.6,0.05,0,0,0,3750,0,149.9
ONGC,31-Dec-2018,31-Jan-2019,PE,120,0,0,0,0.45,0.35,0.05,0,0,0,15000,0,149.9
ONGC,31-Dec-2018,31-Jan-2019,PE,122.5,0,0,0,5.35,0,0.05,0,0,0,0,0,149.9
ONGC,31-Dec-2018,31-Jan-2019,PE,125,0,0,0,0.5,0.5,0.1,0,0,0,0,0,149.9
ONGC,31-Dec-2018,31-Jan-2019,PE,127.5,0,0,0,6.7,0,0.15,0,0,0,0,0,149.9
ONGC,31-Dec-2018,31-Jan-2019,PE,130,0.75,0.75,0.45,0.5,0.5,0.5,24,117.49,0.49,202500,-30000,149.9
ONGC,31-Dec-2018,31-Jan-2019,PE,132.5,0,0,0,8.3,0,0.4,0,0,0,0,0,149.9
ONGC,31-Dec-2018,31-Jan-2019,PE,135,1.25,1.25,0.85,0.95,0.95,0.95,19,96.92,0.73,285000,26250,149.9
ONGC,31-Dec-2018,31-Jan-2019,PE,137.5,1.6,1.6,1.2,1.2,1.2,1.2,5,26.04,0.26,37500,7500,149.9
ONGC,31-Dec-2018,31-Jan-2019,PE,140,2.3,2.5,1.7,1.9,1.9,1.9,108,575.32,8.32,480000,60000,149.9
ONGC,31-Dec-2018,31-Jan-2019,PE,142.5,3.3,3.3,2.45,2.75,2.7,2.75,27,147.21,2.93,75000,-15000,149.9
ONGC,31-Dec-2018,31-Jan-2019,PE,145,4.65,4.65,3.3,3.85,3.8,3.85,132,736.97,19.22,273750,-60000,149.9
ONGC,31-Dec-2018,31-Jan-2019,PE,147.5,5.85,5.85,4.55,5.1,5.1,5.1,34,194.54,6.48,112500,-33750,149.9
ONGC,31-Dec-2018,31-Jan-2019,PE,150,7.35,7.75,6,6.8,7,6.8,49,288.38,12.75,262500,52500,149.9
ONGC,31-Dec-2018,31-Jan-2019,PE,152.5,0,0,0,8.25,8.25,6.15,0,0,0,7500,0,149.9
ONGC,31-Dec-2018,31-Jan-2019,PE,155,9.9,10.9,9.7,10.35,10.35,10.35,14,86.72,5.34,52500,7500,149.9
ONGC,31-Dec-2018,31-Jan-2019,PE,157.5,11.65,13.15,11.65,13.15,13.15,13.15,2,12.74,0.93,7500,0,149.9
ONGC,31-Dec-2018,31-Jan-2019,PE,160,14.9,14.9,14.4,14.65,14.65,14.65,10,65.48,5.48,153750,0,149.9
ONGC,31-Dec-2018,31-Jan-2019,PE,162.5,0,0,0,16.25,16.25,13.1,0,0,0,7500,0,149.9
ONGC,31-Dec-2018,31-Jan-2019,PE,165,0,0,0,18.2,18.2,15.2,0,0,0,22500,0,149.9
ONGC,31-Dec-2018,31-Jan-2019,PE,167.5,0,0,0,21.2,21.2,17.35,0,0,0,7500,0,149.9
ONGC,31-Dec-2018,31-Jan-2019,PE,170,0,0,0,24.3,24.3,19.6,0,0,0,41250,0,149.9
ONGC,31-Dec-2018,31-Jan-2019,PE,172.5,0,0,0,25.65,25.65,21.9,0,0,0,7500,0,149.9
ONGC,31-Dec-2018,31-Jan-2019,PE,175,0,0,0,28,28,24.3,0,0,0,18750,0,149.9
ONGC,31-Dec-2018,31-Jan-2019,PE,177.5,0,0,0,30.35,30.35,26.7,0,0,0,7500,0,149.9
ONGC,31-Dec-2018,31-Jan-2019,PE,180,0,0,0,35.25,35.25,29.1,0,0,0,18750,0,149.9
ONGC,31-Dec-2018,31-Jan-2019,PE,182.5,0,0,0,35.05,35.05,31.55,0,0,0,7500,0,149.9
ONGC,31-Dec-2018,31-Jan-2019,PE,185,0,0,0,37.05,0,34,0,0,0,0,0,149.9
ONGC,31-Dec-2018,31-Jan-2019,PE,187.5,0,0,0,38.85,0,36.45,0,0,0,0,0,149.9
ONGC,31-Dec-2018,31-Jan-2019,PE,190,0,0,0,42.1,42.1,38.95,0,0,0,30000,0,149.9
ONGC,31-Dec-2018,31-Jan-2019,PE,192.5,0,0,0,44.6,44.6,41.4,0,0,0,7500,0,149.9
ONGC,31-Dec-2018,31-Jan-2019,PE,195,0,0,0,58,58,43.9,0,0,0,15000,0,149.9
ONGC,31-Dec-2018,31-Jan-2019,PE,197.5,0,0,0,46.5,0,46.4,0,0,0,0,0,149.9
ONGC,31-Dec-2018,31-Jan-2019,PE,200,0,0,0,53.25,53.25,48.85,0,0,0,18750,0,149.9
ONGC,31-Dec-2018,31-Jan-2019,PE,202.5,0,0,0,54.4,54.4,51.35,0,0,0,7500,0,149.9
ONGC,31-Dec-2018,31-Jan-2019,PE,115,0,0,0,3.6,0,0,0,0,0,0,0,149.9
ONGC,31-Dec-2018,28-Feb-2019,PE,112.5,0,0,0,1.5,0,0.05,0,0,0,0,0,149.9
ONGC,31-Dec-2018,28-Feb-2019,PE,115,0,0,0,1.9,0,0.1,0,0,0,0,0,149.9
ONGC,31-Dec-2018,28-Feb-2019,PE,117.5,0,0,0,2.35,0,0.1,0,0,0,0,0,149.9
ONGC,31-Dec-2018,28-Feb-2019,PE,120,0,0,0,2.85,0,0.2,0,0,0,0,0,149.9
ONGC,31-Dec-2018,28-Feb-2019,PE,122.5,0,0,0,3.45,0,0.3,0,0,0,0,0,149.9
ONGC,31-Dec-2018,28-Feb-2019,PE,125,0,0,0,4.1,0,0.4,0,0,0,0,0,149.9
ONGC,31-Dec-2018,28-Feb-2019,PE,127.5,0,0,0,4.85,0,0.6,0,0,0,0,0,149.9
ONGC,31-Dec-2018,28-Feb-2019,PE,130,1.5,1.5,1.5,1.5,1.5,1.5,1,4.93,0.06,3750,3750,149.9
ONGC,31-Dec-2018,28-Feb-2019,PE,132.5,0,0,0,6.6,0,1.15,0,0,0,0,0,149.9
ONGC,31-Dec-2018,28-Feb-2019,PE,135,0,0,0,7.6,0,1.55,0,0,0,0,0,149.9
ONGC,31-Dec-2018,28-Feb-2019,PE,137.5,0,0,0,8.65,0,2.05,0,0,0,0,0,149.9
ONGC,31-Dec-2018,28-Feb-2019,PE,140,0,0,0,9.85,0,2.7,0,0,0,0,0,149.9
ONGC,31-Dec-2018,28-Feb-2019,PE,142.5,0,0,0,11.1,0,3.4,0,0,0,0,0,149.9
ONGC,31-Dec-2018,28-Feb-2019,PE,145,0,0,0,12.45,0,4.3,0,0,0,0,0,149.9
ONGC,31-Dec-2018,28-Feb-2019,PE,147.5,0,0,0,13.85,0,5.3,0,0,0,0,0,149.9
ONGC,31-Dec-2018,28-Feb-2019,PE,150,0,0,0,15.4,0,6.4,0,0,0,0,0,149.9
ONGC,31-Dec-2018,28-Feb-2019,PE,152.5,0,0,0,16.95,0,7.7,0,0,0,0,0,149.9
ONGC,31-Dec-2018,28-Feb-2019,PE,155,0,0,0,18.6,0,9.1,0,0,0,0,0,149.9
ONGC,31-Dec-2018,28-Feb-2019,PE,157.5,0,0,0,20.3,0,10.6,0,0,0,0,0,149.9
ONGC,31-Dec-2018,28-Feb-2019,PE,160,0,0,0,22.1,0,12.25,0,0,0,0,0,149.9
ONGC,31-Dec-2018,28-Feb-2019,PE,162.5,0,0,0,23.95,0,14,0,0,0,0,0,149.9
ONGC,31-Dec-2018,28-Feb-2019,PE,165,0,0,0,25.85,0,15.9,0,0,0,0,0,149.9
ONGC,31-Dec-2018,28-Feb-2019,PE,167.5,0,0,0,27.8,0,17.85,0,0,0,0,0,149.9
ONGC,31-Dec-2018,28-Feb-2019,PE,170,0,0,0,29.8,0,19.9,0,0,0,0,0,149.9
ONGC,31-Dec-2018,28-Feb-2019,PE,172.5,0,0,0,31.85,0,22,0,0,0,0,0,149.9
ONGC,31-Dec-2018,28-Feb-2019,PE,175,0,0,0,33.95,0,24.15,0,0,0,0,0,149.9
ONGC,31-Dec-2018,28-Feb-2019,PE,177.5,0,0,0,36.1,0,26.4,0,0,0,0,0,149.9
ONGC,31-Dec-2018,28-Feb-2019,PE,180,0,0,0,38.25,0,28.65,0,0,0,0,0,149.9
ONGC,31-Dec-2018,28-Feb-2019,PE,182.5,0,0,0,40.45,0,31,0,0,0,0,0,149.9
ONGC,31-Dec-2018,28-Feb-2019,PE,185,0,0,0,42.65,0,33.35,0,0,0,0,0,149.9
ONGC,31-Dec-2018,28-Feb-2019,PE,187.5,0,0,0,44.9,0,35.7,0,0,0,0,0,149.9
ONGC,31-Dec-2018,28-Feb-2019,PE,190,0,0,0,47.2,0,38.1,0,0,0,0,0,149.9
ONGC,31-Dec-2018,28-Mar-2019,PE,115,0,0,0,0.35,0,0.2,0,0,0,0,0,149.9
ONGC,31-Dec-2018,28-Mar-2019,PE,190,0,0,0,37.85,0,37.5,0,0,0,0,0,149.9
ONGC,31-Dec-2018,28-Mar-2019,PE,125,0,0,0,1.1,0,0.85,0,0,0,0,0,149.9
ONGC,31-Dec-2018,28-Mar-2019,PE,130,0,0,0,1.85,0,1.45,0,0,0,0,0,149.9
ONGC,31-Dec-2018,28-Mar-2019,PE,135,0,0,0,2.9,0,2.4,0,0,0,0,0,149.9
ONGC,31-Dec-2018,28-Mar-2019,PE,140,0,0,0,4.3,0,3.65,0,0,0,0,0,149.9
ONGC,31-Dec-2018,28-Mar-2019,PE,145,0,0,0,6.1,0,5.4,0,0,0,0,0,149.9
ONGC,31-Dec-2018,28-Mar-2019,PE,150,0,0,0,8.3,0,7.55,0,0,0,0,0,149.9
ONGC,31-Dec-2018,28-Mar-2019,PE,155,0,0,0,10.9,0,10.1,0,0,0,0,0,149.9
ONGC,31-Dec-2018,28-Mar-2019,PE,160,0,0,0,13.9,0,13.15,0,0,0,0,0,149.9
ONGC,31-Dec-2018,28-Mar-2019,PE,165,0,0,0,17.25,0,16.55,0,0,0,0,0,149.9
ONGC,31-Dec-2018,28-Mar-2019,PE,170,0,0,0,20.9,0,20.25,0,0,0,0,0,149.9
ONGC,31-Dec-2018,28-Mar-2019,PE,175,0,0,0,24.85,0,24.3,0,0,0,0,0,149.9
ONGC,31-Dec-2018,28-Mar-2019,PE,180,0,0,0,29,0,28.5,0,0,0,0,0,149.9
ONGC,31-Dec-2018,28-Mar-2019,PE,185,0,0,0,33.35,0,32.95,0,0,0,0,0,149.9
ONGC,31-Dec-2018,28-Mar-2019,PE,120,0,0,0,0.65,0,0.45,0,0,0,0,0,149.9
