Date,INDUS IND,HCL,SBIN,ITC,INFY,BAJAJFINSV,MARUTI,AXISBANK,TATA STEEL,TCS
2014-01-01,405.707886,278.319519,157.994614,178.178574,360.180847,726.312866,1725.741699,237.491669,321.117157,946.316895
2014-01-08,405.514191,293.253265,154.867569,182.341232,384.292633,719.152222,1658.543823,226.216461,304.931183,997.721008
2014-01-15,420.238983,319.62854,157.885147,185.069473,391.251617,678.326416,1685.133423,228.794754,312.088867,977.365356
2014-01-22,377.469177,313.420013,151.921387,184.028793,383.058105,676.337219,1460.969238,215.87442,297.77356,948.50293
2014-01-29,375.62854,312.024017,144.310806,182.819382,371.562195,684.442749,1514.381714,216.124542,279.106812,925.250366
2014-02-05,374.030151,327.688599,144.548798,182.847504,374.598907,677.431213,1565.55127,215.999496,317.334991,901.981567
2014-02-12,376.936371,331.235138,142.697296,178.544235,383.370636,701.250427,1597.1875,224.080719,308.266052,929.951111
2014-02-19,389.142517,344.409393,143.430267,181.075562,394.069611,713.184998,1566.345581,237.655243,293.544037,939.460388
2014-02-26,397.425201,329.467377,147.518753,186.503891,395.861481,723.428833,1493.773682,249.180603,286.101746,962.922119
2014-03-05,457.777618,323.219421,159.460571,187.741425,382.615387,709.107361,1641.067017,272.923981,279.920105,923.039368
2014-03-12,467.465027,314.103119,163.120422,200.201294,348.914185,704.930298,1746.630249,259.493774,277.114075,911.233154
2014-03-19,470.807159,310.567688,167.216675,204.110809,338.741333,709.952759,1778.640259,269.527954,298.261597,921.171692
2014-03-26,482.528931,315.32605,181.959381,198.232468,344.887726,777.780334,1804.855957,282.611847,326.404053,932.655762
2014-04-02,482.81955,312.568787,184.619812,194.379196,342.871918,767.536621,1779.434814,273.549316,330.186249,923.189636
2014-04-09,469.015015,316.726898,188.581589,191.819717,339.6633,763.011475,1796.584595,278.176819,332.178955,966.61438
2014-04-16,482.964874,322.863617,196.826935,197.276184,328.146545,793.543823,1845.137207,288.624664,342.468048,953.198608
2014-04-23,470.371246,315.415802,198.358841,191.454071,331.136414,819.650513,1791.023926,294.021759,329.82019,941.692932
2014-04-30,475.214966,308.492554,197.057434,195.729218,329.631042,817.810608,1784.715332,295.917023,326.038025,944.032715
2014-05-07,517.403564,319.529633,218.619217,203.098267,340.189362,843.917297,1958.177246,317.428406,347.226257,949.055664
2014-05-14,538.909424,291.535431,242.610916,191.988464,324.932678,866.493347,2050.048584,357.064911,379.842255,885.689514
2014-05-21,538.037659,307.277344,252.805923,193.7323,326.479706,903.888123,2155.05127,355.679535,387.772614,914.625183
2014-05-28,524.862854,300.454346,253.872025,187.572693,314.134674,869.278198,2189.631592,365.482819,427.627563,914.560181
2014-06-04,540.846985,310.688782,257.411499,193.202759,323.921875,922.535767,2304.540771,372.409607,454.509308,926.065918
2014-06-11,535.276733,323.989075,256.411682,192.60141,342.936737,911.94397,2259.773438,353.928619,432.792419,987.413513
2014-06-18,556.785339,316.597565,256.904358,183.495361,339.034485,923.928162,2257.67041,374.176849,433.036469,998.747559
2014-06-25,561.46582,334.769714,258.961853,186.215729,340.243744,945.509705,2415.804932,373.331146,440.316101,1036.065552
2014-07-02,538.745911,328.716003,248.910782,192.315079,352.077118,935.315613,2420.618408,367.109955,417.50116,1061.767822
2014-07-09,526.06958,325.795135,243.061737,196.094925,340.634521,920.583374,2355.990479,368.898529,428.034271,1040.312988
2014-07-16,543.767761,340.901367,243.815186,201.507019,341.653625,936.624634,2348.467285,392.247528,466.50589,1097.026978
2014-07-23,537.283264,359.597595,240.554977,204.284653,355.519958,928.006287,2340.616211,384.645996,454.430298,1122.014038
2014-07-30,540.159851,343.900452,238.574722,203.74057,370.078125,950.77301,2492.62915,381.729797,466.17392,1110.393433
2014-08-06,531.822632,341.038147,234.672134,198.72937,377.697723,922.277222,2492.021729,370.93988,449.741241,1088.890503
2014-08-13,552.933716,345.554749,235.681595,199.81752,375.025879,923.622253,2571.275635,386.541504,451.567047,1073.329712
2014-08-20,547.911987,358.913696,240.835144,201.535645,382.365631,1014.888611,2593.986816,386.638702,435.715302,1115.191406
2014-08-27,598.227417,369.396271,243.626831,203.196518,381.409882,1096.091309,2722.307617,397.380005,430.901733,1117.678589
2014-09-03,618.509583,368.677155,248.007568,204.828705,394.637329,1096.988281,2732.39209,407.635345,430.32077,1157.823608
2014-09-10,602.810425,361.171967,247.650177,202.251526,386.162201,1022.51062,2769.798096,387.708008,406.709137,1124.633301
2014-09-17,615.047974,387.372742,246.901535,212.417084,381.54184,1056.037964,2877.18042,388.194031,403.430847,1183.618408
2014-09-24,603.736755,385.451508,235.927917,212.331192,395.783173,1125.384399,2876.382813,367.246033,381.18866,1205.319946
2014-10-01,584.673279,389.046936,228.919662,207.778168,404.511688,1105.855835,2758.439941,363.892426,365.959351,1203.118652
2014-10-08,633.965027,387.29425,243.588181,199.044373,413.842194,1103.813354,2780.169922,386.006897,378.574371,1188.372681
2014-10-15,661.316711,338.184357,249.664246,201.277924,398.587006,1016.183899,2887.224121,411.18335,378.283875,1071.173096
2014-10-22,679.307434,338.654297,256.604919,200.647934,403.774536,1051.155762,2957.342041,412.009613,374.300201,1090.871582
2014-10-29,690.423523,354.243866,262.869293,203.282394,434.685181,1048.16687,3084.061035,432.228546,405.962189,1139.775757
2014-11-05,702.417358,364.373932,264.443878,208.322235,438.947357,1049.760986,3123.15625,453.759796,398.119324,1136.897583
2014-11-12,703.928833,361.034851,283.956818,211.443466,444.518616,1035.463257,3159.388672,460.710083,403.721344,1141.308105
2014-11-19,689.058533,373.127686,294.57785,203.711945,457.954529,1073.175293,3087.674805,456.96759,385.421356,1162.127197
2014-11-26,742.786804,370.442871,307.908447,209.20993,452.926117,1146.258057,3154.742188,478.49884,385.753265,1171.522339
2014-12-03,752.537903,351.908905,296.268311,225.789795,418.200226,1344.981445,3127.849854,474.99939,361.934174,1110.388916
2014-12-10,745.078247,350.690552,285.835632,217.91507,412.421478,1311.404175,3108.09082,458.620087,323.17627,1077.617065
2014-12-17,766.725647,346.561859,296.606384,214.67926,419.541138,1305.924194,3190.129639,480.151337,327.948395,1110.21228
2014-12-24,772.039978,357.876282,299.262878,211.15712,418.540771,1308.166016,3143.853516,484.963043,329.027283,1116.497681
2014-12-31,777.061768,346.494202,289.747925,206.518188,416.508057,1230.450073,3187.266602,485.351868,328.902802,1079.116455
2015-01-07,802.07312,357.188232,294.674438,206.317749,444.263245,1281.11499,3257.290527,488.754059,325.002136,1101.942017
2015-01-14,819.381348,377.121002,307.232239,212.588882,451.734192,1316.884033,3381.897949,536.142273,333.716431,1102.493652
2015-01-21,842.296326,365.648621,318.582611,206.031403,454.639496,1369.591309,3459.149658,575.753906,330.355194,1103.92749
2015-01-28,842.247559,428.718353,289.941132,209.696716,451.308441,1459.612183,3386.779053,570.115906,316.1633,1129.119873
2015-02-04,820.990295,436.47934,277.38327,211.844376,485.35318,1436.745972,3184.450684,538.232178,296.825867,1079.686646
2015-02-11,840.97998,450.32132,296.364899,223.098083,484.970062,1446.360718,3354.770508,555.04895,307.034088,1142.577515
2015-02-18,842.345093,447.97644,286.077179,226.706131,484.895569,1419.807739,3368.474854,536.142273,298.278229,1196.452271
2015-02-25,912.94281,460.22226,292.452667,195.493576,488.982239,1479.489502,3481.395996,615.171082,293.381683,1226.306763
2015-03-04,874.231018,463.077057,277.817963,193.947296,468.282898,1447.855347,3424.513428,569.386902,275.621063,1168.012329
2015-03-11,878.277771,461.762909,273.181213,194.691788,477.190552,1461.754272,3437.842041,563.651672,275.870056,1140.654785
2015-03-18,861.067139,439.695465,261.203003,186.93161,470.837189,1327.345947,3372.558105,542.266235,271.554382,1146.24585
2015-03-25,860.530884,443.909576,257.91861,186.387543,471.794952,1384.387207,3472.337891,544.745056,262.964569,1125.694824
2015-04-01,884.811035,422.770996,262.651947,195.264496,460.013824,1423.693481,3380.114502,543.286987,276.865967,1142.953247
2015-04-08,924.741516,442.550171,275.741089,200.418869,476.562714,1427.878296,3438.170654,550.723206,285.995239,1171.304932
2015-04-15,816.504822,403.762238,279.218658,195.779922,456.427429,1340.049316,3275.219482,509.021637,288.817017,1072.571045
2015-04-22,806.753784,394.24646,263.134949,193.288666,417.465881,1320.172119,3591.92334,520.297607,308.195953,1102.491699
2015-04-29,815.285889,414.884552,262.893433,186.645264,418.615265,1438.489502,3559.445557,549.799805,314.710938,1113.407959
2015-05-06,780.230896,416.614105,258.305023,185.299393,414.964935,1420.056885,3354.489258,517.867493,293.091125,1114.269775
2015-05-13,823.037964,425.057434,278.49411,190.19603,429.555573,1459.711792,3480.73877,547.320984,305.540222,1110.181885
2015-05-20,832.155334,451.957825,267.820007,180.001877,427.671814,1478.542847,3498.385498,549.313782,276.24353,1151.902832
2015-05-27,823.379272,434.456696,257.194153,182.636322,427.56546,1501.459229,3595.30249,538.669617,266.948273,1149.295044
2015-06-03,787.739014,415.180389,251.785156,172.069885,424.106689,1557.803223,3468.770508,542.752258,252.880905,1130.578247
2015-06-10,798.465332,412.813538,249.046265,174.487335,425.458282,1488.954834,3561.745605,535.99646,244.374054,1120.098755
2015-06-17,813.189392,421.939606,261.811554,183.746216,432.638794,1523.179688,3772.239746,555.680786,260.142792,1149.829102
2015-06-24,850.340942,419.231293,257.067352,184.0383,425.810883,1520.489746,3775.94751,543.043945,252.880905,1138.454346
2015-07-01,875.888733,427.310547,266.751434,185.206604,424.384857,1763.351318,3728.873535,569.435425,246.863876,1168.27417
2015-07-08,900.07135,434.889038,262.740845,182.168976,419.220764,1733.161743,3800.352539,567.296875,233.792374,1114.946655
2015-07-15,914.210388,443.264191,258.485748,183.24968,480.82251,1689.156616,3903.698486,573.227295,227.94136,1143.204956
2015-07-22,926.25293,420.027893,253.692642,181.438766,459.582855,1715.436523,3938.289063,549.710327,206.944046,1118.241821
2015-07-29,929.031982,425.353394,281.91333,192.187271,457.983856,2021.322998,4165.866699,568.425903,219.045715,1121.728882
2015-08-05,926.838013,427.833984,263.425598,187.017471,477.235748,2004.61731,4228.475098,559.460083,210.929733,1163.637573
2015-08-12,945.97583,443.44577,277.756042,183.892227,502.926666,1915.155396,4350.266602,549.661377,214.987717,1222.444458
2015-08-19,864.6026,418.484589,247.872421,187.426376,469.522064,1703.019775,3941.855713,492.289612,182.950989,1147.678711
2015-08-26,813.144653,433.33313,233.884369,184.330353,470.883362,1772.185669,3809.175781,470.487366,184.702347,1134.916016
2015-09-02,823.279419,429.60379,223.319946,182.840775,457.767792,1745.257202,3911.02417,464.118195,195.466675,1136.391357
2015-09-09,863.721313,425.096649,228.699982,185.031357,474.664581,1870.37439,4089.635498,473.035065,195.680252,1136.860596
2015-09-16,868.56842,431.022369,232.710541,182.285828,477.732758,1783.256226,4221.834961,498.805786,187.948715,1129.35083
2015-09-23,921.838074,436.192993,236.7211,187.134293,484.474182,1716.83313,4414.279785,493.857391,172.015808,1157.893188
2015-09-30,932.805298,390.388824,235.009277,200.307007,499.058899,1776.873291,4114.51709,496.454071,194.057068,1205.054932
2015-10-07,925.705872,379.566895,238.090546,200.97879,474.772491,1756.377686,4037.133789,480.972076,209.477417,1161.111938
2015-10-14,936.96698,395.78833,248.899521,203.227814,486.310699,1820.158081,4259.322754,498.46283,205.71843,1129.50708
2015-10-21,933.735596,397.138184,243.226044,207.842621,500.858978,1976.741577,4244.166992,510.809265,210.118149,1130.892944
2015-10-28,893.244812,402.954865,231.047623,195.487747,498.482147,1966.468872,4230.852539,465.783966,201.660446,1144.076416
2015-11-04,873.807251,391.563507,236.036377,196.597656,482.520233,1904.084839,4452.665039,459.071838,186.197372,1107.674438
2015-11-11,887.075745,392.898315,242.59021,203.373856,462.764099,1917.79834,4372.069824,465.686005,200.336273,1075.636841
2015-11-18,900.442078,398.582458,236.23201,196.276352,453.998169,1967.665649,4381.890625,454.515411,191.664993,1066.457886
2015-11-25,920.565002,402.977936,243.861877,202.205536,469.545685,1981.778076,4299.171875,452.35968,203.027359,1062.880493
2015-12-02,924.13916,394.90033,230.754166,184.1259,455.720795,1902.987793,4290.106445,449.322052,200.54985,1048.188965
2015-12-09,900.393127,388.732941,221.167938,188.448669,469.654846,1891.019531,4363.147461,426.588928,208.623093,1068.752563
2015-12-16,915.17926,390.850159,223.319946,187.192734,472.576721,1929.467163,4360.455078,437.661499,219.729156,1082.588867
2015-12-23,940.002563,393.3125,223.515579,189.821426,481.364502,1918.49646,4380.144043,448.489166,217.977829,1103.287109
2015-12-30,916.011597,387.743408,213.489166,189.675385,468.738983,1941.934082,4313.807617,427.568848,234.167038,1057.570923
2016-01-06,893.489624,373.015106,195.490555,184.271957,457.945038,1946.571655,4031.750488,397.927582,210.459854,1045.736938
2016-01-13,877.381409,385.925385,179.105927,183.483337,496.78125,1846.986694,3967.822998,385.189178,203.283646,1025.466064
2016-01-20,887.90802,386.592804,178.910278,180.825424,496.148865,1924.380981,3858.050293,411.547852,216.867203,1037.592407
2016-01-27,889.866516,402.172546,165.753677,189.529358,512.350708,1814.273682,3660.128906,383.425385,197.773315,1083.202393
2016-02-03,850.844543,376.34787,163.357117,182.636307,483.785004,1774.329956,3452.859375,392.342255,201.233292,1029.053467
2016-02-10,817.502075,380.937225,152.988342,172.588837,471.442841,1702.072144,3499.601074,397.388641,209.178406,1022.873962
2016-02-17,822.104431,385.549774,154.993637,171.917053,490.174011,1608.571045,3297.902588,377.350189,216.525482,1021.678711
2016-02-24,842.374268,385.688721,158.661819,189.909058,490.414001,1681.028198,3300.735596,384.013306,219.47287,1026.144043
2016-03-02,901.274414,379.337952,179.643921,187.660065,507.444336,1664.372559,3268.67749,403.414886,249.331085,1061.957642
2016-03-09,899.756531,376.301544,181.20903,185.089752,494.709656,1658.338501,3450.30957,410.714935,256.122864,1050.794189
2016-03-16,908.128967,384.089508,193.093979,189.091232,518.935974,1656.49353,3493.274414,431.782257,264.366974,1115.926025
2016-03-23,908.61853,375.722107,185.366318,187.046677,522.882813,1660.035767,3522.972168,420.709686,259.62558,1113.129639
2016-03-30,930.699951,391.112579,180.475388,190.726868,531.452576,1743.202271,3348.846436,423.551331,266.63092,1110.783936
2016-04-06,948.864563,388.864166,183.605591,188.477875,515.621582,1777.147827,3377.363525,424.727173,276.925354,1133.269287
2016-04-13,967.273804,395.609161,182.774124,195.896622,540.262146,1873.044067,3511.026855,435.211823,286.194672,1137.734131
2016-04-20,999.832825,394.079346,196.468735,191.427841,537.710815,1866.754028,3653.849365,470.781342,306.185577,1122.21814
2016-04-27,1017.1651,338.080383,180.181931,185.118973,514.945496,1943.181396,3604.227539,460.296661,297.68515,1118.722656
2016-05-04,1032.44104,333.769196,185.17067,188.857574,528.814087,1857.618652,3632.603027,478.03241,280.171753,1138.275757
2016-05-11,1060.054932,342.071411,173.187897,192.975876,529.468201,1854.224121,3729.108398,492.877533,279.317474,1159.294922
2016-05-18,1021.914368,344.712036,165.851501,203.636719,518.194519,1759.326538,3699.221924,479.453217,271.32962,1112.97168
2016-05-25,1080.66748,345.810364,200.381485,205.38916,545.081238,1820.877808,3935.669922,505.223969,285.724823,1161.504761
2016-06-01,1086.151123,339.687805,205.223495,213.117508,548.286621,1875.140747,3912.347168,523.64563,292.901001,1186.921753
2016-06-08,1092.956665,351.348877,205.689209,207.536987,512.525085,1895.258423,3875.849854,519.677124,277.65152,1155.137207
2016-06-15,1068.231445,359.294159,211.982269,210.620972,532.036377,2008.726318,3926.227539,507.036774,285.212219,1206.452393
2016-06-22,1062.013428,333.424957,214.360764,216.377731,512.24884,2192.631348,3846.766357,504.440063,266.075592,1121.914673
2016-06-29,1088.445313,344.828949,221.000702,214.292358,518.602051,2307.696533,3937.794434,528.740967,285.425751,1131.439331
2016-07-06,1105.603882,336.252625,224.419754,218.565872,518.844604,2427.903564,4126.557129,549.563354,292.516602,1121.778076
2016-07-13,1088.543823,341.393738,227.640625,218.962372,479.269623,2492.699707,4236.423828,557.818787,316.309174,1121.80127
2016-07-20,1134.069702,348.00705,224.469315,221.649857,480.372498,2723.079834,4235.337891,547.582214,314.087952,1161.335449
2016-07-27,1172.368774,374.180054,225.80722,229.271683,478.387146,2723.429199,4712.908203,543.626099,309.17569,1230.055908
2016-08-03,1163.912354,382.055328,232.496704,219.579178,477.151825,2600.526123,4691.425781,565.830017,327.981842,1211.071167
2016-08-10,1141.985229,371.539459,244.240448,224.777893,463.673309,2742.947998,4591.332031,576.857849,331.257782,1229.758667
2016-08-17,1168.779785,371.555725,252.317398,221.429565,458.511322,2673.010498,4563.948242,575.918213,336.717529,1189.436279
2016-08-24,1139.674561,364.281433,249.938904,226.760452,459.283417,2841.689209,4786.468262,584.621765,330.034729,1164.534546
2016-08-31,1207.471924,369.672485,257.123901,231.166138,461.092346,3068.675049,5019.091797,628.980225,337.067017,1134.994873
2016-09-07,1175.71167,368.424744,250.434418,222.266663,465.018921,2923.508301,5066.777832,585.709717,326.365753,1077.903442
2016-09-14,1164.551514,372.991882,251.97052,226.496094,463.408569,3095.032715,5241.875977,586.451477,319.246155,1101.663086
2016-09-21,1188.002808,375.25177,246.718033,216.583313,459.040741,3266.657227,5240.164551,535.169739,321.342712,1110.618408
2016-09-28,1203.686401,385.115631,256.92569,212.750366,462.724823,3200.263916,5400.762207,540.807312,340.779633,1097.093994
2016-10-05,1201.129761,382.832123,253.704834,211.604904,454.231781,3112.854492,5431.570313,525.576111,364.628113,1087.498535
2016-10-12,1192.870117,392.790253,254.596756,216.583313,458.048096,3336.594971,5349.51123,526.466187,371.179901,1095.814575
2016-10-19,1188.887695,378.618286,258.957306,210.371307,448.849182,3243.294922,5497.749023,523.251831,362.968323,1095.974487
2016-10-26,1189.920166,363.857758,256.083313,211.340561,440.952759,3457.701172,5589.552734,470.239258,364.890167,1075.572998
2016-11-02,1192.722656,383.506348,250.335327,225.350632,438.254913,3064.431885,5383.647461,485.421021,356.940674,1046.252563
2016-11-09,1075.564453,364.600281,275.606689,209.446106,412.368988,2805.996826,4604.666504,473.898712,343.793427,972.217407
2016-11-16,1053.292969,360.994629,255.09227,199.313034,407.552979,2905.187744,4688.149902,466.134705,330.209442,977.806396
2016-11-23,1042.231079,382.225403,250.682175,203.718735,433.728821,2931.245605,4840.619141,460.2005,357.333801,1034.661621
2016-11-30,1062.880005,372.428436,256.826599,202.881653,431.187012,2991.149658,4888.969727,451.694763,365.458038,1003.531006
2016-12-07,1071.827881,379.42627,263.119659,207.331375,441.487854,2872.140381,4907.178223,447.392426,367.467224,1008.29541
2016-12-14,1052.948975,393.303345,252.267838,202.13266,450.562469,2689.184082,4851.553223,456.541046,352.8349,1071.014771
2016-12-21,1045.770996,381.015533,246.470276,206.274033,445.590393,2730.567871,4969.981445,432.655731,343.094604,1063.730591
2016-12-28,1082.840698,396.149994,242.6548,214.336411,443.539185,3016.459229,5239.451172,450.211182,352.179749,1085.102783
2017-01-04,1142.427734,396.695557,245.627914,219.31485,432.814636,2998.987061,5396.38916,442.447235,376.421295,1060.798462
2017-01-11,1193.3125,396.814209,253.853485,221.914185,426.326416,3005.376709,5387.974121,481.019806,396.775482,1043.480835
2017-01-18,1230.726563,402.886932,252.416489,228.875168,421.443542,3119.892578,5457.052734,446.304474,405.55484,1061.966675
2017-01-25,1231.61145,383.743591,257.668976,227.377228,414.39798,3235.207764,5606.668457,460.793915,403.938782,1024.515991
2017-02-01,1303.538574,386.542755,275.012085,244.162933,421.287476,3686.583496,5900.860352,487.201294,413.417023,1031.361694
2017-02-08,1307.963379,396.864014,268.074829,238.61171,440.261597,3589.439209,5646.88916,481.712128,412.543427,1104.022705
2017-02-15,1308.405884,407.379517,268.22348,232.047256,451.699554,3627.47876,5764.69873,499.069794,428.573395,1132.209473
2017-02-22,1291.936035,401.548248,266.786499,230.989899,451.409698,3957.748535,5631.723145,500.602783,421.628571,1133.220337
2017-03-01,1308.455078,409.052551,265.64679,232.840286,454.709534,3795.558594,5596.731934,506.09201,421.060699,1148.93335
2017-03-08,1331.758789,407.642426,272.237183,235.395569,461.532196,3912.520996,5830.307617,505.399658,412.936523,1177.258179
2017-03-15,1367.501221,409.721619,269.858673,253.458878,460.194458,4048.502686,5778.676758,482.651703,433.81488,1142.248291
2017-03-22,1380.873779,411.083893,279.620392,247.158722,461.576782,4077.156494,5681.832031,497.437897,419.226227,1116.381714
2017-03-29,1379.792358,413.545502,290.521759,248.216125,450.138855,4096.675293,5773.875,493.333344,423.987213,1108.778076
2017-04-05,1400.195313,398.465302,291.066833,248.612579,431.276184,4368.38916,5941.081543,508.02063,426.564209,1112.223999
2017-04-12,1407.815796,386.276825,287.548645,245.793015,411.321136,4353.163574,5835.964355,492.542114,393.32489,1060.697021
2017-04-19,1428.022339,391.67804,283.435883,247.775543,414.26416,4514.504883,6030.317871,509.504211,396.557098,1061.914673
2017-04-26,1425.170898,392.968567,285.66571,245.484604,410.696777,4570.764648,6376.045898,499.613739,388.957031,1053.02417
2017-05-03,1398.179565,404.34436,293.346222,239.272598,422.157043,4366.991211,6303.63916,511.630585,378.648895,1080.958862
2017-05-10,1410.126465,406.017334,304.247589,249.758118,426.5271,4547.751465,6610.85791,496.102661,399.221466,1115.187378
2017-05-17,1367.501221,413.473694,286.557617,264.561188,426.928467,3966.634033,6542.111328,495.212524,428.398743,1158.007568
2017-05-24,1450.490234,414.262421,286.210754,273.5047,444.341797,4143.849609,6795.512207,507.130463,446.132202,1172.365356
2017-05-31,1485.593506,427.985382,287.25,274.033417,436.761078,4227.864746,6767.128906,504.756775,428.049316,1238.387573
2017-06-07,1466.5177,408.468109,283.799988,272.538513,433.835236,4175.299316,6987.726074,500.75116,444.297699,1127.20166
2017-06-14,1489.625,411.283813,290,275.937408,427.31546,4250.528809,6860.788086,506.190887,456.178253,1134.261841
2017-06-21,1465.042847,405.122986,279.399994,278.754913,419.414795,4032.029053,6837.918945,487.399078,445.913757,1089.848267
2017-06-28,1472.515869,404.473206,273,301.518646,434.876648,4130.820801,7009.214844,503.42157,477.274963,1098.257324
2017-07-05,1533.184448,409.165924,283.600006,295.525879,441.803833,4118.590332,7084.855469,501.938019,486.622162,1148.38501
2017-07-12,1546.655396,424.062653,290.450012,254.56012,446.15036,4412.84668,7184.075684,516.358765,491.645142,1117.421021
2017-07-19,1522.786499,430.536377,296.25,260.642334,450.112,4952.709961,7145.47168,543.974548,483.171509,1194.261841
2017-07-26,1643.401367,425.55481,308.799988,257.377625,455.024414,5055.489746,7472.800293,515.509888,508.58902,1164.689453
2017-08-02,1615.764648,424.399567,303.850006,245.257813,436.73291,5318.180176,7375.195801,498.680725,547.489014,1163.687866
2017-08-09,1602.192993,414.70108,278.049988,242.52977,443.45639,5221.893066,7242.838379,490.640717,552.379272,1150.339966
2017-08-16,1603.7229,422.130096,274.100006,253.173691,397.138947,5219.545898,7129.87793,498.530914,550.645386,1162.872437
2017-08-23,1621.242676,411.131317,276.700012,250.713989,419.958099,5437.040039,7155.930176,503.02533,560.292542,1153.04248
2017-08-30,1661.661377,414.459961,277.299988,252.592316,407.982574,5393.591309,7506.419922,501.87677,578.875671,1154.299927
2017-09-06,1719.057129,416.871887,273.5,248.254227,400.172485,5683.998535,7837.55127,494.935394,607.417175,1158.56311
2017-09-13,1723.350464,431.223541,267.799988,239.533356,412.600739,5628.963379,7825.258301,520.203979,601.548828,1163.920654
2017-09-20,1666.991333,421.213562,257.899994,234.435013,410.404877,5160.515625,7572.924805,509.766968,581.632019,1153.018921
2017-09-27,1668.718628,425.723999,251.300003,233.764175,409.272919,5317.230957,7575.757813,507.869324,587.411438,1140.044067
2017-10-04,1701.734741,433.394379,256.649994,237.744431,423.602814,5330.415039,7584.641113,513.312561,614.085693,1145.867676
2017-10-11,1689.298096,444.296692,251.149994,238.996674,421.723907,5350.192383,7552.22998,512.563538,633.468933,1208.971558
2017-10-18,1643.105225,440.654633,254.5,238.907257,419.595917,5245.166016,7563.129395,451.289612,639.648499,1202.262939
2017-10-25,1605.894287,412.723175,305.799988,238.012787,417.286896,5018.283691,7891.330078,522.401245,625.644531,1218.895386
2017-11-01,1628.299683,422.588379,317.200012,237.610291,438.741119,4968.691895,7908.76123,526.446228,615.775024,1265.211792
2017-11-08,1615.567261,420.290588,329.200012,229.470795,435.871948,5002.501465,7805.763184,545.57251,609.239868,1269.135864
2017-11-15,1624.203735,404.914124,330.75,229.247177,443.65329,5196.023438,8089.54834,546.071899,632.401978,1250.402954
2017-11-22,1657.812012,415.382629,332.649994,229.828598,451.962616,5232.231445,8284.211914,561.502747,626.177979,1254.256958
2017-11-29,1643.648071,408.806549,319.299988,227.234695,451.916687,5007.495605,8159.413574,533.088013,601.015259,1230.38562
2017-12-06,1629.138916,422.127991,318.399994,233.943024,464.174072,5100.38623,8780.282227,537.632385,612.796387,1221.206055
2017-12-13,1650.557373,420.556549,319.450012,236.671127,461.281891,5274.081543,9415.797852,552.164307,631.557312,1202.94043
2017-12-20,1640.588257,429.211945,316.850006,236.134445,474.847687,5397.086914,9287.446289,553.662415,641.426819,1234.589844
2017-12-27,1622.328369,431.170166,302.899994,233.406403,472.621124,5105.47998,9166.729492,559.005859,648.273132,1230.362427
2018-01-03,1700.89563,433.12854,304.25,241.948395,478.0383,5161.914551,9014.609375,564.449097,686.684082,1265.258423
2018-01-10,1643.055908,458.755981,296.149994,234.121948,515.499084,4951.562012,8950.985352,558.057007,681.349182,1331.78125
2018-01-17,1700.550171,480.394226,318,247.136154,539.508789,4999.355469,9024.454102,618.132446,693.574951,1449.620361
2018-01-24,1714.171143,483.706512,312.850006,246.331177,536.983887,4876.899902,9190.401367,592.664063,689.573853,1476.75647
2018-01-31,1652.876709,462.359528,291.5,244.810623,508.865295,4896.077637,8628.258789,563.40033,620.541626,1402.607056
2018-02-07,1664.57312,454.583313,288.5,241.367004,506.730621,5231.131836,8745.085938,562.10199,664.916016,1389.75354
2018-02-14,1606.980103,438.71582,269.649994,235.061111,520.916138,5008.14502,8378.901367,531.040588,607.290039,1379.053833
2018-02-21,1662.746948,460.591064,267.799988,238.102249,527.159607,5110.024414,8539.426758,536.833374,626.980774,1425.036987
2018-02-28,1684.9552,451.579285,256.5,229.426102,526.493958,4972.936523,8276.961914,516.158997,616.388855,1428.104126
2018-03-07,1708.545166,463.740326,254.899994,240.29364,541.964905,5089.998535,8406.464844,530.141663,586.339294,1354.423096
2018-03-14,1694.183838,454.486359,249.25,231.438599,533.494873,5060.733398,8449.584961,520.253967,553.676758,1338.8302
2018-03-21,1764.707153,470.111511,253.850006,231.214981,529.225464,5244.666016,8502.643555,510.615906,550.643799,1330.729248
2018-03-28,1806.162231,469.166718,250.350006,231.125534,523.372314,5373.564453,8666.047852,502.675781,540.79834,1361.751587
2018-04-04,1823.139038,458.968018,263.25,238.23642,511.482147,5404.727539,8892.59668,545.322815,561.515808,1372.872681
2018-04-11,1843.373169,489.733856,248.199997,239.488647,516.463135,5420.509277,8795.168945,531.889465,556.056458,1482.469238
2018-04-18,1852.305908,515.363892,240.600006,246.554779,529.73053,5424.304688,8708.880859,504.623352,558.296204,1585.369751
2018-04-25,1873.576172,509.40448,246.300003,251.742584,550.618591,5476.09375,8473.017578,517.407471,554.983276,1653.618652
2018-05-02,1843.373169,446.177155,250,252.547592,534.986938,5341.302734,8427.257813,540.578735,556.336426,1611.311523
2018-05-09,1892.625854,448.745026,248.600006,252.055634,547.473938,5396.087891,8379.958984,548.768555,582.373108,1630.697632
2018-05-16,1885.469849,439.03949,254.149994,249.372284,547.933044,5963.319336,8220.060547,522.65094,538.652039,1642.685059
2018-05-23,1853.194214,439.233673,264.899994,244.58699,558.537598,5889.355957,8336.838867,545.222961,536.832153,1649.545166
2018-05-30,1876.981567,431.003571,263.5,243.652405,560.626404,5766.20166,8461.060547,529.142883,533.752625,1611.943604
2018-06-06,1930.774414,444.065033,282.850006,246.113525,577.704163,6069.044434,8659.710938,536.134216,541.078308,1681.8125
2018-06-13,1905.210449,447.779449,272.399994,242.604126,571.116455,5913.327637,8516.857422,516.10907,517.794556,1724.164673
2018-06-20,1965.255249,441.515839,267.149994,240.82666,591.266602,6084.625977,8595.270508,513.412415,512.661926,1749.519409
2018-06-27,1931.170898,455.281372,257.75,241.692612,626.339661,5879.717773,8623.504883,511.36499,528.666565,1771.427246
2018-07-04,1916.35791,475.407623,263.5,251.810593,602.672302,6170.574707,9153.188477,531.889465,530.626343,1772.465942
2018-07-11,1887.673584,476.403046,259.25,245.931229,614.193604,6346.510742,9076.504883,537.38269,505.828613,1886.585815
2018-07-18,1929.040527,481.914124,266.700012,259.102844,636.681091,6820.089355,9431.018555,545.322815,500.319122,1889.441406
2018-07-25,1983.914917,468.464233,293.399994,270.907196,631.59137,6979.697754,9129.516602,549.417725,534.658386,1836.832275
2018-08-01,1984.710693,469.580933,304,274.416565,633.627258,7000.129883,9024.261719,591.315674,544.680115,1862.237793
2018-08-08,1987.595459,484.847504,294.700012,280.068115,651.834656,7066.820313,8767.893555,617.533142,549.904602,1893.604736
2018-08-15,1965.213745,488.496674,306.899994,285.081512,640.521545,7106.335449,8821.713867,635.41095,553.086731,1905.337891
2018-08-22,1923.235718,506.401733,304.950012,283.942108,659.052856,6964.061523,9205.930664,659.78064,559.831116,1954.446411
2018-08-29,1842.064697,523.747192,296.600006,282.255737,680.776855,6502.472168,8673.517578,639.705627,563.345825,1980.609009
2018-09-05,1819.533691,527.104492,282.299988,270.952759,679.481201,6355.502441,8320.853516,649.693237,562.633362,1935.900635
2018-09-12,1851.663818,526.5448,274,275.829437,665.507507,6501.222656,8210.646484,607.695374,581.77417,1958.65686
2018-09-19,1684.198975,541.263184,270.25,274.416565,672.309265,6190.249023,7822.796387,614.486938,569.900208,2065.67334
2018-09-26,1634.859741,534.232422,273.049988,270.451416,688.92041,5883.122559,7296.929688,593.213379,554.27417,2134.462646
2018-10-03,1598.999146,518.881775,262.649994,244.746216,663.841736,5420.283691,6540.973145,552.064453,543.635071,1978.054321
2018-10-10,1612.328735,487.985779,270.200012,257.553253,644.45459,5653.026367,6988.692383,588.069702,545.34491,1856.182129
2018-10-17,1465.654053,463.560974,255.350006,260.606903,608.780029,5158.46582,6610.518066,562.351685,518.747437,1744.954956
2018-10-24,1356.331787,488.788635,273.149994,254.317307,610.538208,5391.559082,6546.789063,561.902222,536.795715,1797.227905
2018-10-31,1467.74292,501.629944,286.5,252.858841,623.778503,5582.88916,6913.722168,606.846375,548.099731,1831.884521
2018-11-07,1476.596191,503.555725,278.149994,252.403076,622.749512,5561.158691,6985.222656,617.832764,559.641174,1835.535156
2018-11-14,1550.157349,493.146698,283.049988,258.510376,599.736633,5681.001953,7166.782715,612.089905,535.275879,1780.491943
2018-11-21,1576.120117,498.582855,289.049988,259.558624,595.901062,5852.599121,7457.524414,624.424622,495.949463,1790.542847
2018-11-28,1627.54834,505.140198,282.299988,256.915192,640.289734,6060.914063,7550.528809,621.877808,511.338074,1905.323242
2018-12-05,1544.437622,466.575745,281.200012,250.352142,630.747803,5835.214844,7144.986328,603.500549,476.476288,1894.845459
2018-12-12,1631.129395,480.421936,292.549988,253.405792,632.712341,6144.390137,7582.73584,618.981323,500.604095,1884.74707
2018-12-19,1556.22522,457.556305,292.799988,251.810593,607.173767,6254.392578,7344.23877,614.037476,488.635193,1816.334229
2018-12-26,1585.96814,469.013489,299.350006,257.826721,621.767212,6507.018066,7308.953125,626.721741,489.72757,1803.817871
