Date,Open,High,Low,Close,Adj Close
2014-01-01,6323.8,6327.2,6298.25,6301.65,6301.65
2014-01-02,6301.25,6358.299805,6211.299805,6221.149902,6221.149902
2014-01-03,6194.549805,6221.700195,6171.25,6211.149902,6211.149902
2014-01-06,6220.850098,6224.700195,6170.25,6191.450195,6191.450195
2014-01-07,6203.899902,6221.5,6144.75,6162.25,6162.25
2014-01-08,6178.049805,6192.100098,6160.350098,6174.600098,6174.600098
2014-01-09,6181.700195,6188.049805,6148.25,6168.350098,6168.350098
2014-01-10,6178.850098,6239.100098,6139.600098,6171.450195,6171.450195
2014-01-13,6189.549805,6288.200195,6189.549805,6272.75,6272.75
2014-01-14,6260.25,6280.350098,6234.149902,6241.850098,6241.850098
2014-01-15,6265.950195,6325.200195,6265.299805,6320.899902,6320.899902
2014-01-16,6341.350098,6346.5,6299.850098,6318.899902,6318.899902
2014-01-17,6306.25,6327.100098,6246.350098,6261.649902,6261.649902
2014-01-20,6261.75,6307.450195,6243.350098,6303.950195,6303.950195
2014-01-21,6320.149902,6330.299805,6297.899902,6313.799805,6313.799805
2014-01-22,6309.049805,6349.950195,6287.450195,6338.950195,6338.950195
2014-01-23,6325.950195,6355.600098,6316.399902,6345.649902,6345.649902
2014-01-24,6301.649902,6331.450195,6263.899902,6266.75,6266.75
2014-01-27,6186.299805,6188.549805,6130.25,6135.850098,6135.850098
2014-01-28,6131.850098,6163.600098,6085.950195,6126.25,6126.25
2014-01-29,6161,6170.450195,6109.799805,6120.25,6120.25
2014-01-30,6067,6082.850098,6027.25,6073.700195,6073.700195
2014-01-31,6082.75,6097.850098,6067.350098,6089.5,6089.5
2014-02-03,6058.799805,6074.850098,5994.450195,6001.799805,6001.799805
2014-02-04,5947.600098,6017.799805,5933.299805,6000.899902,6000.899902
2014-02-05,6004.25,6028.049805,5962.049805,6022.399902,6022.399902
2014-02-06,6028.350098,6048.350098,5965.399902,6036.299805,6036.299805
2014-02-07,6077.649902,6079.950195,6030.899902,6063.200195,6063.200195
2014-02-10,6072.799805,6083.049805,6046.399902,6053.450195,6053.450195
2014-02-11,6072.450195,6081.850098,6053.25,6062.700195,6062.700195
2014-02-12,6085.350098,6106.600098,6077.399902,6084,6084
2014-02-13,6087.549805,6094.399902,5991.100098,6001.100098,6001.100098
2014-02-14,6023.75,6056.399902,5984.600098,6048.350098,6048.350098
2014-02-17,null,null,null,null,null
2014-02-18,6071.299805,6141.700195,6066.799805,6127.100098,6127.100098
2014-02-19,6132.049805,6160.350098,6125.75,6152.75,6152.75
2014-02-20,6127.149902,6129.100098,6086.450195,6091.450195,6091.450195
2014-02-21,6108.299805,6159.649902,6108,6155.450195,6155.450195
2014-02-24,6140.950195,6191.850098,6130.799805,6186.100098,6186.100098
2014-02-25,6205.700195,6216.850098,6176.600098,6200.049805,6200.049805
2014-02-26,6202.450195,6245.950195,6202.100098,6238.799805,6238.799805
2014-02-28,6228.450195,6282.700195,6228.100098,6276.950195,6276.950195
2014-03-03,6264.350098,6277.75,6212.25,6221.450195,6221.450195
2014-03-04,6216.75,6302.149902,6215.700195,6297.950195,6297.950195
2014-03-05,6328.450195,6336.25,6287.799805,6328.649902,6328.649902
2014-03-06,6344.75,6406.600098,6339.700195,6401.149902,6401.149902
2014-03-07,6413.950195,6537.799805,6413.549805,6526.649902,6526.649902
2014-03-10,6491.700195,6562.200195,6487.350098,6537.25,6537.25
2014-03-11,6537.350098,6562.850098,6494.25,6511.899902,6511.899902
2014-03-12,6497.5,6546.149902,6487.299805,6516.899902,6516.899902
2014-03-13,6491.75,6561.450195,6476.649902,6493.100098,6493.100098
2014-03-14,6447.25,6518.450195,6432.700195,6504.200195,6504.200195
2014-03-18,6532.450195,6574.950195,6497.649902,6516.649902,6516.649902
2014-03-19,6530,6541.200195,6506,6524.049805,6524.049805
2014-03-20,6508.350098,6523.649902,6473.25,6483.100098,6483.100098
2014-03-21,6515.200195,6522.899902,6485.700195,6493.200195,6493.200195
2014-03-22,null,null,null,null,null
2014-03-24,6510.5,6591.5,6510.5,6583.5,6583.5
2014-03-25,6550.100098,6595.549805,6544.850098,6589.75,6589.75
2014-03-26,6615.649902,6627.450195,6580.600098,6601.399902,6601.399902
2014-03-27,6613.100098,6673.950195,6599.5,6641.75,6641.75
2014-03-28,6673.049805,6702.600098,6643.799805,6695.899902,6695.899902
2014-03-31,6723.149902,6730.049805,6662.399902,6704.200195,6704.200195
2014-04-01,6729.5,6732.25,6675.450195,6721.049805,6721.049805
2014-04-02,6757.600098,6763.5,6723.600098,6752.549805,6752.549805
2014-04-03,6772.049805,6776.75,6696.899902,6736.100098,6736.100098
2014-04-04,6741.850098,6741.850098,6685.149902,6694.350098,6694.350098
2014-04-07,6694.25,6725.149902,6650.399902,6695.049805,6695.049805
2014-04-09,6722,6808.700195,6705.100098,6796.200195,6796.200195
2014-04-10,6803.049805,6819.049805,6777.299805,6796.399902,6796.399902
2014-04-11,6758.350098,6789.350098,6743.149902,6776.299805,6776.299805
2014-04-15,6792.700195,6813.399902,6711.75,6733.100098,6733.100098
2014-04-16,6727.25,6748.649902,6665.149902,6675.299805,6675.299805
2014-04-17,6695.450195,6783.049805,6684.399902,6779.399902,6779.399902
2014-04-21,6789.25,6825.450195,6786.899902,6817.649902,6817.649902
2014-04-22,6822.899902,6838,6806.25,6815.350098,6815.350098
2014-04-23,6823.25,6861.600098,6820.75,6840.799805,6840.799805
2014-04-24,null,null,null,null,null
2014-04-25,6855.799805,6869.850098,6772.850098,6782.75,6782.75
2014-04-28,6778.549805,6786.25,6750.299805,6761.25,6761.25
2014-04-29,6769,6779.700195,6708.649902,6715.25,6715.25
2014-04-30,6724.950195,6780.149902,6656.799805,6696.399902,6696.399902
2014-05-02,6709.950195,6737.649902,6689.5,6694.799805,6694.799805
2014-05-05,6681.649902,6741.049805,6680.450195,6699.350098,6699.350098
2014-05-06,6719.25,6743.450195,6701.899902,6715.299805,6715.299805
2014-05-07,6708.600098,6718.75,6642.899902,6652.549805,6652.549805
2014-05-08,6669.899902,6688.399902,6638.549805,6659.850098,6659.850098
2014-05-09,6654.149902,6871.350098,6652.149902,6858.799805,6858.799805
2014-05-12,6863.399902,7020.049805,6862.899902,7014.25,7014.25
2014-05-13,7080,7172.350098,7067.149902,7108.75,7108.75
2014-05-14,7112,7142.25,7080.899902,7108.75,7108.75
2014-05-15,7111.299805,7152.549805,7082.549805,7123.149902,7123.149902
2014-05-16,7270.200195,7563.5,7130.649902,7203,7203
2014-05-19,7276.850098,7291.100098,7193.549805,7263.549805,7263.549805
2014-05-20,7309.950195,7353.649902,7247.700195,7275.5,7275.5
2014-05-21,7274.850098,7287.149902,7206.700195,7252.899902,7252.899902
2014-05-22,7289.950195,7319.549805,7258.149902,7276.399902,7276.399902
2014-05-23,7306.5,7381,7293.899902,7367.100098,7367.100098
2014-05-26,7428.75,7504,7269.049805,7359.049805,7359.049805
2014-05-27,7363.100098,7372.950195,7274.75,7318,7318
2014-05-28,7324.950195,7344.75,7302.600098,7329.649902,7329.649902
2014-05-29,7316.600098,7325.399902,7224.399902,7235.649902,7235.649902
2014-05-30,7254.850098,7272.5,7118.450195,7229.950195,7229.950195
2014-06-02,7264.049805,7368.600098,7239.5,7362.5,7362.5
2014-06-03,7375.350098,7424.950195,7342.149902,7415.850098,7415.850098
2014-06-04,7417.549805,7433.299805,7391.350098,7402.25,7402.25
2014-06-05,7399.75,7484.700195,7360.5,7474.100098,7474.100098
2014-06-06,7521.5,7592.700195,7497.649902,7583.399902,7583.399902
2014-06-09,7621.649902,7673.700195,7580.25,7654.600098,7654.600098
2014-06-10,7679.049805,7683.200195,7579.299805,7656.399902,7656.399902
2014-06-11,7672.399902,7700.049805,7589.049805,7626.850098,7626.850098
2014-06-12,7641.299805,7658,7593.799805,7649.899902,7649.899902
2014-06-13,7668.200195,7678.5,7525.350098,7542.100098,7542.100098
2014-06-16,7534.799805,7548.600098,7487.549805,7533.549805,7533.549805
2014-06-17,7525.049805,7637.600098,7509.25,7631.700195,7631.700195
2014-06-18,7636.049805,7663,7515.5,7558.200195,7558.200195
2014-06-19,7580.049805,7606.450195,7502.549805,7540.700195,7540.700195
2014-06-20,7543.299805,7560.549805,7497.299805,7511.450195,7511.450195
2014-06-23,7514,7534.799805,7441.600098,7493.350098,7493.350098
2014-06-24,7515.200195,7593.350098,7515.200195,7580.200195,7580.200195
2014-06-25,7588.549805,7589.25,7557.049805,7569.25,7569.25
2014-06-26,7554.100098,7570.200195,7481.299805,7493.200195,7493.200195
2014-06-27,7514.200195,7538.75,7482.299805,7508.799805,7508.799805
2014-06-30,7534.049805,7623.649902,7531.600098,7611.350098,7611.350098
2014-07-01,7629,7649.5,7618.149902,7634.700195,7634.700195
2014-07-02,7683.049805,7732.399902,7677.299805,7725.149902,7725.149902
2014-07-03,7734.350098,7754.649902,7706.799805,7714.799805,7714.799805
2014-07-04,7718.100098,7758,7661.299805,7751.600098,7751.600098
2014-07-07,7780.399902,7792,7755.100098,7787.149902,7787.149902
2014-07-08,7804.049805,7808.850098,7595.899902,7623.200195,7623.200195
2014-07-09,7637.950195,7650.100098,7551.649902,7585,7585
2014-07-10,7589.5,7731.049805,7479.049805,7567.75,7567.75
2014-07-11,7584.100098,7625.850098,7447.200195,7459.600098,7459.600098
2014-07-14,7469,7478.450195,7422.149902,7454.149902,7454.149902
2014-07-15,7491.299805,7534.899902,7459.149902,7526.649902,7526.649902
2014-07-16,7564.149902,7640.100098,7532.450195,7624.399902,7624.399902
2014-07-17,7612.700195,7655.649902,7612.700195,7640.450195,7640.450195
2014-07-18,7630.25,7685,7595.5,7663.899902,7663.899902
2014-07-21,7701.649902,7722.100098,7674,7684.200195,7684.200195
2014-07-22,7708.200195,7773.850098,7704.799805,7767.850098,7767.850098
2014-07-23,7794.899902,7809.200195,7752.899902,7795.75,7795.75
2014-07-24,7796.25,7835.649902,7771.649902,7830.600098,7830.600098
2014-07-25,7828.200195,7840.950195,7748.600098,7790.450195,7790.450195
2014-07-28,7792.899902,7799.899902,7722.649902,7748.700195,7748.700195
2014-07-30,7746.200195,7798.700195,7707.600098,7791.399902,7791.399902
2014-07-31,7784.649902,7791.850098,7711.149902,7721.299805,7721.299805
2014-08-01,7662.5,7716.700195,7593.899902,7602.600098,7602.600098
2014-08-04,7639.549805,7694.799805,7622.049805,7683.649902,7683.649902
2014-08-05,7706.649902,7752.450195,7638.049805,7746.549805,7746.549805
2014-08-06,7726.149902,7740.950195,7658.950195,7672.049805,7672.049805
2014-08-07,7651.149902,7708.950195,7630.399902,7649.25,7649.25
2014-08-08,7588.700195,7592.450195,7540.100098,7568.549805,7568.549805
2014-08-11,7619.850098,7635.549805,7598.600098,7625.950195,7625.950195
2014-08-12,7688.799805,7735.75,7654.799805,7727.049805,7727.049805
2014-08-13,7717.299805,7757.100098,7695.700195,7739.549805,7739.549805
2014-08-14,7756.149902,7796.700195,7739.100098,7791.700195,7791.700195
2014-08-18,7785.25,7880.5,7779.200195,7874.25,7874.25
2014-08-19,7901,7918.549805,7881.149902,7897.5,7897.5
2014-08-20,7915.799805,7922.700195,7864.049805,7875.299805,7875.299805
2014-08-21,7875.350098,7919.649902,7855.950195,7891.100098,7891.100098
2014-08-22,7904.549805,7929.049805,7900.049805,7913.200195,7913.200195
2014-08-25,7931.75,7968.25,7897.950195,7906.299805,7906.299805
2014-08-26,7874.5,7915.450195,7862.450195,7904.75,7904.75
2014-08-27,7933.899902,7946.850098,7916.549805,7936.049805,7936.049805
2014-08-28,7942.25,7967.799805,7939.200195,7954.350098,7954.350098
2014-09-01,7990.350098,8035,7984,8027.700195,8027.700195
2014-09-02,8038.600098,8101.950195,8036.549805,8083.049805,8083.049805
2014-09-03,8110.850098,8141.899902,8092.25,8114.600098,8114.600098
2014-09-04,8114.200195,8114.799805,8060.899902,8095.950195,8095.950195
2014-09-05,8099.899902,8122.700195,8049.850098,8086.850098,8086.850098
2014-09-08,8132.950195,8180.200195,8126.149902,8173.899902,8173.899902
2014-09-09,8161.899902,8174.549805,8126.5,8152.950195,8152.950195
2014-09-10,8135.549805,8135.75,8082.100098,8094.100098,8094.100098
2014-09-11,8115.149902,8127.950195,8057.299805,8085.700195,8085.700195
2014-09-12,8087.049805,8114.299805,8071.600098,8105.5,8105.5
2014-09-15,8070.350098,8077.299805,8030,8042,8042
2014-09-16,8036.600098,8044.899902,7925.149902,7932.899902,7932.899902
2014-09-17,7971.5,7990.649902,7936.950195,7975.5,7975.5
2014-09-18,7950.649902,8120.850098,7939.700195,8114.75,8114.75
2014-09-19,8129.399902,8160.899902,8105.350098,8121.450195,8121.450195
2014-09-22,8084.450195,8159.899902,8064.799805,8146.299805,8146.299805
2014-09-23,8144.399902,8159.75,8008.100098,8017.549805,8017.549805
2014-09-24,8015.549805,8042.049805,7950.049805,8002.399902,8002.399902
2014-09-25,8003.299805,8019.299805,7877.350098,7911.850098,7911.850098
2014-09-26,7885.850098,7993.299805,7841.799805,7968.850098,7968.850098
2014-09-29,7978.450195,7991.75,7934.700195,7958.899902,7958.899902
2014-09-30,7948.799805,8030.899902,7923.850098,7964.799805,7964.799805
2014-10-01,7960.5,7977.5,7936.700195,7945.549805,7945.549805
2014-10-07,7897.399902,7943.049805,7842.700195,7852.399902,7852.399902
2014-10-08,7828.75,7869.899902,7815.75,7842.700195,7842.700195
2014-10-09,7886.5,7972.350098,7886.5,7960.549805,7960.549805
2014-10-10,7911,7924.049805,7848.450195,7859.950195,7859.950195
2014-10-13,7831,7901.149902,7796,7884.25,7884.25
2014-10-14,7923.25,7928,7825.450195,7864,7864
2014-10-15,null,null,null,null,null
2014-10-16,7837.299805,7893.899902,7729.649902,7748.200195,7748.200195
2014-10-17,7733.75,7819.200195,7723.850098,7779.700195,7779.700195
2014-10-20,7896.950195,7905.950195,7856.950195,7879.399902,7879.399902
2014-10-21,7906.149902,7936.600098,7874.350098,7927.75,7927.75
2014-10-22,7997.799805,8005,7974.549805,7995.899902,7995.899902
2014-10-27,8064.350098,8064.399902,7985.649902,7991.700195,7991.700195
2014-10-28,8002.399902,8037.799805,7995.049805,8027.600098,8027.600098
2014-10-29,8077.049805,8097.950195,8052.25,8090.450195,8090.450195
2014-10-30,8085.200195,8181.549805,8085.200195,8169.200195,8169.200195
2014-10-31,8200.799805,8330.75,8198.049805,8322.200195,8322.200195
2014-11-03,8348.150391,8350.599609,8297.650391,8324.150391,8324.150391
2014-11-05,8351.25,8365.549805,8323.5,8338.299805,8338.299805
2014-11-07,8331.849609,8360.349609,8290.25,8337,8337
2014-11-10,8337.799805,8383.049805,8304.450195,8344.25,8344.25
2014-11-11,8354.099609,8378.700195,8321.849609,8362.650391,8362.650391
2014-11-12,8378.900391,8415.049805,8370.5,8383.299805,8383.299805
2014-11-13,8405.25,8408,8320.349609,8357.849609,8357.849609
2014-11-14,8360.700195,8400.650391,8346.799805,8389.900391,8389.900391
2014-11-17,8378.400391,8438.099609,8349.099609,8430.75,8430.75
2014-11-18,8441.25,8454.5,8407.25,8425.900391,8425.900391
2014-11-19,8440.650391,8455.650391,8360.5,8382.299805,8382.299805
2014-11-20,8406.5,8410.849609,8353.150391,8401.900391,8401.900391
2014-11-21,8408.200195,8489.799805,8398.599609,8477.349609,8477.349609
2014-11-24,8490.950195,8534.650391,8490.799805,8530.150391,8530.150391
2014-11-25,8530.799805,8535.349609,8429.450195,8463.099609,8463.099609
2014-11-26,8450.299805,8500.299805,8438.650391,8475.75,8475.75
2014-11-27,8477.799805,8506.75,8456.349609,8494.200195,8494.200195
2014-11-28,8516.799805,8617,8516.25,8588.25,8588.25
2014-12-01,8605.099609,8623,8545.150391,8555.900391,8555.900391
2014-12-02,8535.450195,8560.200195,8504.650391,8524.700195,8524.700195
2014-12-03,8528.700195,8546.950195,8508.349609,8537.650391,8537.650391
2014-12-04,8582.400391,8626.950195,8526.400391,8564.400391,8564.400391
2014-12-05,8584.25,8588.349609,8523.900391,8538.299805,8538.299805
2014-12-08,8538.650391,8546.349609,8432.25,8438.25,8438.25
2014-12-09,8439.299805,8444.5,8330.5,8340.700195,8340.700195
2014-12-10,8318.049805,8376.799805,8317,8355.650391,8355.650391
2014-12-11,8338.849609,8348.299805,8272.400391,8292.900391,8292.900391
2014-12-12,8302,8321.900391,8216.299805,8224.099609,8224.099609
2014-12-15,8160.75,8242.400391,8152.5,8219.599609,8219.599609
2014-12-16,8172.600098,8189.350098,8052.600098,8067.600098,8067.600098
2014-12-17,8041.200195,8082,7961.350098,8029.799805,8029.799805
2014-12-18,8138.899902,8174.299805,8084.899902,8159.299805,8159.299805
2014-12-19,8230.450195,8263.450195,8208.599609,8225.200195,8225.200195
2014-12-22,8255,8330.950195,8228.200195,8324,8324
2014-12-23,8324.599609,8364.75,8252.849609,8267,8267
2014-12-24,8272.049805,8286.400391,8155.25,8174.100098,8174.100098
2014-12-26,8204.799805,8234.549805,8147.950195,8200.700195,8200.700195
2014-12-29,8214.700195,8279.150391,8214.700195,8246.299805,8246.299805
2014-12-30,8260.299805,8268.25,8220.549805,8248.25,8248.25
2014-12-31,8243.900391,8291,8243.75,8282.700195,8282.700195
2015-01-01,null,null,null,null,null
2015-01-02,8288.700195,8410.599609,8288.700195,8395.450195,8395.450195
2015-01-05,8407.950195,8445.599609,8363.900391,8378.400391,8378.400391
2015-01-06,8325.299805,8327.849609,8111.350098,8127.350098,8127.350098
2015-01-07,8118.649902,8151.200195,8065.450195,8102.100098,8102.100098
2015-01-08,8191.399902,8243.5,8167.299805,8234.599609,8234.599609
2015-01-09,8285.450195,8303.299805,8190.799805,8284.5,8284.5
2015-01-12,8291.349609,8332.599609,8245.599609,8323,8323
2015-01-13,8346.150391,8356.650391,8267.900391,8299.400391,8299.400391
2015-01-14,8307.25,8326.450195,8236.650391,8277.549805,8277.549805
2015-01-15,8424.5,8527.099609,8380.549805,8494.150391,8494.150391
2015-01-16,8504.049805,8530.75,8452.25,8513.799805,8513.799805
2015-01-19,8550.049805,8570.950195,8531.5,8550.700195,8550.700195
2015-01-20,8575.099609,8707.900391,8574.5,8695.599609,8695.599609
2015-01-21,8719.650391,8741.849609,8689.599609,8729.5,8729.5
2015-01-22,8745.849609,8774.150391,8727,8761.400391,8761.400391
2015-01-23,8827.950195,8866.400391,8795.400391,8835.599609,8835.599609
2015-01-27,8871.349609,8925.049805,8825.450195,8910.5,8910.5
2015-01-28,8902.75,8985.049805,8874.049805,8914.299805,8914.299805
2015-01-29,8901.5,8966.650391,8861.25,8952.349609,8952.349609
2015-01-30,8996.599609,8996.599609,8775.099609,8808.900391,8808.900391
2015-02-02,8802.5,8840.799805,8751.099609,8797.400391,8797.400391
2015-02-03,8823.150391,8837.299805,8726.650391,8756.549805,8756.549805
2015-02-04,8789.150391,8792.849609,8704.400391,8723.700195,8723.700195
2015-02-05,8733.099609,8838.450195,8683.650391,8711.700195,8711.700195
2015-02-06,8696.849609,8726.200195,8645.549805,8661.049805,8661.049805
2015-02-09,8584.400391,8605.549805,8516.349609,8526.349609,8526.349609
2015-02-10,8478.099609,8646.25,8470.5,8565.549805,8565.549805
2015-02-11,8603.299805,8651.950195,8593.650391,8627.400391,8627.400391
2015-02-12,8676.950195,8732.549805,8599.25,8711.549805,8711.549805
2015-02-13,8741.5,8822.099609,8729.650391,8805.5,8805.5
2015-02-16,8831.400391,8870.099609,8793.400391,8809.349609,8809.349609
2015-02-18,8811.549805,8894.299805,8808.900391,8869.099609,8869.099609
2015-02-19,8883.049805,8913.450195,8794.450195,8895.299805,8895.299805
2015-02-20,8895.5,8899.950195,8816.299805,8833.599609,8833.599609
2015-02-23,8856.849609,8869,8736.099609,8754.950195,8754.950195
2015-02-24,8772.900391,8800.5,8726.75,8762.099609,8762.099609
2015-02-25,8801.900391,8840.650391,8751.400391,8767.25,8767.25
2015-02-26,8779,8786.049805,8669.450195,8683.849609,8683.849609
2015-02-27,8729.5,8856.950195,8717.450195,8844.599609,8844.599609
2015-02-28,null,null,null,null,null
2015-03-02,8953.849609,8972.349609,8885.450195,8956.75,8956.75
2015-03-03,8962.849609,9008.400391,8925.549805,8996.25,8996.25
2015-03-04,9109.150391,9119.200195,8893.950195,8922.650391,8922.650391
2015-03-05,8929.400391,8957.549805,8849.349609,8937.75,8937.75
2015-03-09,8891.150391,8891.299805,8740.450195,8756.75,8756.75
2015-03-10,8769.75,8778,8677.349609,8712.049805,8712.049805
2015-03-11,8728.75,8755.599609,8682.349609,8699.950195,8699.950195
2015-03-12,8740.650391,8787.200195,8732.900391,8776,8776
2015-03-13,8844.049805,8849.75,8631.75,8647.75,8647.75
2015-03-16,8656.75,8663.549805,8612,8633.150391,8633.150391
2015-03-17,8689.099609,8742.549805,8630.799805,8723.299805,8723.299805
2015-03-18,8742.900391,8747.25,8664,8685.900391,8685.900391
2015-03-19,8749.450195,8788.200195,8614.650391,8634.650391,8634.650391
2015-03-20,8627.900391,8627.900391,8553,8570.900391,8570.900391
2015-03-23,8591.549805,8608.349609,8540.549805,8550.900391,8550.900391
2015-03-24,8537.049805,8627.75,8535.849609,8542.950195,8542.950195
2015-03-25,8568.900391,8573.75,8516.549805,8530.799805,8530.799805
2015-03-26,8474.950195,8499.450195,8325.349609,8342.150391,8342.150391
2015-03-27,8396,8413.200195,8269.150391,8341.400391,8341.400391
2015-03-30,8390.950195,8492.299805,8380.75,8492.299805,8492.299805
2015-03-31,8527.599609,8550.450195,8454.150391,8491,8491
2015-04-01,8483.700195,8603.400391,8464.75,8586.25,8586.25
2015-04-06,8615.799805,8667.549805,8573.75,8659.900391,8659.900391
2015-04-07,8684.450195,8693.599609,8586.849609,8660.299805,8660.299805
2015-04-08,8698.950195,8730.5,8679.799805,8714.400391,8714.400391
2015-04-09,8756.200195,8785.5,8682.450195,8778.299805,8778.299805
2015-04-10,8774.349609,8787.400391,8733.599609,8780.349609,8780.349609
2015-04-13,8801.75,8841.650391,8762.099609,8834,8834
2015-04-15,null,null,null,null,null
2015-04-16,8757.049805,8760,8645.650391,8706.700195,8706.700195
2015-04-17,8698.049805,8699.849609,8596.700195,8606,8606
2015-04-20,8618.799805,8619.950195,8422.75,8448.099609,8448.099609
2015-04-21,8416.099609,8469.349609,8352.700195,8377.75,8377.75
2015-04-22,8400.400391,8449.950195,8284.700195,8429.700195,8429.700195
2015-04-23,8478.200195,8504.950195,8361.849609,8398.299805,8398.299805
2015-04-24,8405.700195,8413.299805,8273.349609,8305.25,8305.25
2015-04-27,8330.549805,8334.450195,8202.349609,8213.799805,8213.799805
2015-04-28,8215.549805,8308,8185.149902,8285.599609,8285.599609
2015-04-29,8274.799805,8308.200195,8219.200195,8239.75,8239.75
2015-04-30,8224.5,8229.400391,8144.75,8181.5,8181.5
2015-05-04,8230.049805,8346,8220.450195,8331.950195,8331.950195
2015-05-05,8338.400391,8355.650391,8280.599609,8324.799805,8324.799805
2015-05-06,8316.599609,8331.950195,8083,8097,8097
2015-05-07,8077,8122.600098,7997.149902,8057.299805,8057.299805
2015-05-08,8131.5,8224.950195,8123.450195,8191.5,8191.5
2015-05-11,8243.200195,8332.75,8224.650391,8325.25,8325.25
2015-05-12,8326.150391,8326.650391,8115.299805,8126.950195,8126.950195
2015-05-13,8181.549805,8254.950195,8089.799805,8235.450195,8235.450195
2015-05-14,8232.450195,8236.25,8137.299805,8224.200195,8224.200195
2015-05-15,8240.299805,8279.200195,8212.200195,8262.349609,8262.349609
2015-05-18,8284.950195,8384.599609,8271.950195,8373.650391,8373.650391
2015-05-19,8356.200195,8427.799805,8335,8365.650391,8365.650391
2015-05-20,8392.650391,8440.349609,8391.450195,8423.25,8423.25
2015-05-21,8434.5,8446.349609,8382.5,8421,8421
2015-05-22,8432.5,8489.549805,8420.599609,8458.950195,8458.950195
2015-05-25,8438.150391,8441.950195,8364.150391,8370.25,8370.25
2015-05-26,8377.099609,8378.900391,8320.049805,8339.349609,8339.349609
2015-05-27,8302.75,8342.849609,8277.950195,8334.599609,8334.599609
2015-05-28,8345.700195,8364.5,8270.150391,8319,8319
2015-05-29,8327.099609,8443.900391,8305.700195,8433.650391,8433.650391
2015-06-01,8417.25,8467.150391,8405.400391,8433.400391,8433.400391
2015-06-02,8442.799805,8445.349609,8226.049805,8236.450195,8236.450195
2015-06-03,8232.450195,8236.700195,8094.149902,8135.100098,8135.100098
2015-06-04,8155.149902,8160.049805,8056.75,8130.649902,8130.649902
2015-06-05,8119.149902,8191,8100.149902,8114.700195,8114.700195
2015-06-08,8124.350098,8131,8030.549805,8044.149902,8044.149902
2015-06-09,8026.5,8057.149902,8005.149902,8022.399902,8022.399902
2015-06-10,8024.149902,8152.25,8023.799805,8124.450195,8124.450195
2015-06-11,8157.299805,8163.049805,7958.25,7965.350098,7965.350098
2015-06-12,7959.850098,7995.600098,7940.299805,7982.899902,7982.899902
2015-06-15,7986.600098,8057.700195,7944.850098,8013.899902,8013.899902
2015-06-16,8004.200195,8061.850098,7952.350098,8047.299805,8047.299805
2015-06-17,8084.200195,8136.850098,8048.950195,8091.549805,8091.549805
2015-06-18,8113.700195,8186.899902,8101.799805,8174.600098,8174.600098
2015-06-19,8201.150391,8250.799805,8195.650391,8224.950195,8224.950195
2015-06-22,8259.299805,8369.450195,8257.400391,8353.099609,8353.099609
2015-06-23,8377.450195,8398.450195,8334.950195,8381.549805,8381.549805
2015-06-24,8399.400391,8421.349609,8338.900391,8360.849609,8360.849609
2015-06-25,8336.25,8423.150391,8329.5,8398,8398
2015-06-26,8393.950195,8408.549805,8339.700195,8381.099609,8381.099609
2015-06-29,8247.049805,8329.450195,8195.650391,8318.400391,8318.400391
2015-06-30,8316.349609,8378,8298.950195,8368.5,8368.5
2015-07-01,8376.25,8481.599609,8370.150391,8453.049805,8453.049805
2015-07-02,8471.950195,8479.25,8433.200195,8444.900391,8444.900391
2015-07-03,8440.099609,8497.75,8424.150391,8484.900391,8484.900391
2015-07-06,8386.150391,8533.150391,8386.150391,8522.150391,8522.150391
2015-07-07,8525.5,8561.349609,8483.849609,8510.799805,8510.799805
2015-07-08,8439.200195,8457.5,8341.400391,8363.049805,8363.049805
2015-07-09,8364.849609,8400.299805,8323,8328.549805,8328.549805
2015-07-10,8365.700195,8377.099609,8315.400391,8360.549805,8360.549805
2015-07-13,8397.25,8471.650391,8355.400391,8459.650391,8459.650391
2015-07-14,8470.599609,8480.25,8424.099609,8454.099609,8454.099609
2015-07-15,8463.400391,8531.400391,8462.950195,8523.799805,8523.799805
2015-07-16,8546.150391,8616.099609,8542.900391,8608.049805,8608.049805
2015-07-17,8623.650391,8642.950195,8593.150391,8609.849609,8609.849609
2015-07-20,8623.900391,8624.099609,8559,8603.450195,8603.450195
2015-07-21,8601.5,8646.75,8517.900391,8529.450195,8529.450195
2015-07-22,8512.25,8643.900391,8498.650391,8633.5,8633.5
2015-07-23,8643.950195,8654.75,8573.799805,8589.799805,8589.799805
2015-07-24,8588.150391,8589.150391,8513.5,8521.549805,8521.549805
2015-07-27,8492.099609,8492.200195,8351.549805,8361,8361
2015-07-28,8371.099609,8397.400391,8321.75,8337,8337
2015-07-29,8365.599609,8381.5,8338.450195,8375.049805,8375.049805
2015-07-30,8417,8458.900391,8408.299805,8421.799805,8421.799805
2015-07-31,8456.099609,8548.950195,8448,8532.849609,8532.849609
2015-08-03,8510.650391,8563.950195,8508.099609,8543.049805,8543.049805
2015-08-04,8564.099609,8565.150391,8448.25,8516.900391,8516.900391
2015-08-05,8547.450195,8591.849609,8545.849609,8567.950195,8567.950195
2015-08-06,8585.799805,8606.299805,8551.5,8588.650391,8588.650391
2015-08-07,8580.799805,8595.950195,8552.700195,8564.599609,8564.599609
2015-08-10,8577,8621.549805,8497.799805,8525.599609,8525.599609
2015-08-11,8548.450195,8556.25,8441.299805,8462.349609,8462.349609
2015-08-12,8445.700195,8446.950195,8337.950195,8349.450195,8349.450195
2015-08-13,8384.450195,8429.5,8339.75,8355.849609,8355.849609
2015-08-14,8402.349609,8530.099609,8381.200195,8518.549805,8518.549805
2015-08-17,8530.5,8530.599609,8428.049805,8477.299805,8477.299805
2015-08-18,8505.849609,8525.75,8433.599609,8466.549805,8466.549805
2015-08-19,8468.049805,8520.450195,8425.950195,8495.150391,8495.150391
2015-08-20,8471.049805,8501.349609,8359.75,8372.75,8372.75
2015-08-21,8305.400391,8322.200195,8225.049805,8299.950195,8299.950195
2015-08-24,8055.950195,8060.049805,7769.399902,7809,7809
2015-08-25,7895.399902,7925.399902,7667.25,7880.700195,7880.700195
2015-08-26,7865.25,7930.049805,7777.100098,7791.850098,7791.850098
2015-08-27,7921.600098,7963.600098,7862.299805,7948.950195,7948.950195
2015-08-28,8053.700195,8091.799805,7961.649902,8001.950195,8001.950195
2015-08-31,8009.25,8043.600098,7947.950195,7971.299805,7971.299805
2015-09-01,7907.950195,7929.100098,7746.5,7785.850098,7785.850098
2015-09-02,7856.649902,7862.549805,7699.25,7717,7717
2015-09-03,7774.450195,7845.600098,7754.049805,7823,7823
2015-09-04,7803.399902,7804.899902,7626.850098,7655.049805,7655.049805
2015-09-07,7685.850098,7705.049805,7545.899902,7558.799805,7558.799805
2015-09-08,7587.700195,7720.899902,7539.5,7688.25,7688.25
2015-09-09,7805.850098,7846.049805,7764.549805,7818.600098,7818.600098
2015-09-10,7729.049805,7819.850098,7678.5,7788.100098,7788.100098
2015-09-11,7833.799805,7864.850098,7759.899902,7789.299805,7789.299805
2015-09-14,7811.100098,7879.950195,7761.850098,7872.25,7872.25
2015-09-15,7867.350098,7880,7799.75,7829.100098,7829.100098
2015-09-16,7886.850098,7913.899902,7853.299805,7899.149902,7899.149902
2015-09-18,7967.450195,8055,7955.850098,7981.899902,7981.899902
2015-09-21,7911.5,7987.899902,7908.350098,7977.100098,7977.100098
2015-09-22,8014.799805,8021.600098,7787.75,7812,7812
2015-09-23,7737.350098,7882.899902,7723.25,7845.950195,7845.950195
2015-09-24,7838.399902,7894.5,7804.100098,7868.5,7868.5
2015-09-28,7892.799805,7893.950195,7787.950195,7795.700195,7795.700195
2015-09-29,7725.700195,7926.549805,7691.200195,7843.299805,7843.299805
2015-09-30,7924.25,7957.700195,7874.5,7948.899902,7948.899902
2015-10-01,7992.049805,8008.25,7930.649902,7950.899902,7950.899902
2015-10-05,8005.100098,8128.899902,8005.100098,8119.299805,8119.299805
2015-10-06,8180.450195,8180.950195,8096.5,8152.899902,8152.899902
2015-10-07,8146.200195,8188.899902,8132.899902,8177.399902,8177.399902
2015-10-08,8196.75,8196.75,8105.850098,8129.350098,8129.350098
2015-10-09,8186.350098,8232.200195,8139.649902,8189.700195,8189.700195
2015-10-12,8231.5,8244.5,8128.200195,8143.600098,8143.600098
2015-10-13,8121.950195,8150.25,8088.600098,8131.700195,8131.700195
2015-10-14,8102.399902,8139.299805,8096.350098,8107.899902,8107.899902
2015-10-15,8134.350098,8190.549805,8129.799805,8179.5,8179.5
2015-10-16,8193.650391,8246.400391,8147.649902,8238.150391,8238.150391
2015-10-19,8262.549805,8283.049805,8239.200195,8275.049805,8275.049805
2015-10-20,8280.299805,8294.049805,8229.200195,8261.650391,8261.650391
2015-10-21,8258.349609,8294.400391,8217.150391,8251.700195,8251.700195
2015-10-23,8308.25,8328.099609,8280.75,8295.450195,8295.450195
2015-10-26,8333.650391,8336.299805,8252.049805,8260.549805,8260.549805
2015-10-27,8230.349609,8241.950195,8217.049805,8232.900391,8232.900391
2015-10-28,8188.899902,8209.099609,8131.799805,8171.200195,8171.200195
2015-10-29,8175.450195,8179.600098,8098,8111.75,8111.75
2015-10-30,8123.549805,8146.100098,8044.399902,8065.799805,8065.799805
2015-11-02,8054.549805,8060.700195,7995.600098,8050.799805,8050.799805
2015-11-03,8086.350098,8100.350098,8031.75,8060.700195,8060.700195
2015-11-04,8104.899902,8116.100098,8027.299805,8040.200195,8040.200195
2015-11-05,8030.350098,8031.200195,7944.100098,7955.450195,7955.450195
2015-11-06,7956.549805,8002.649902,7926.149902,7954.299805,7954.299805
2015-11-09,7788.25,7937.75,7771.700195,7915.200195,7915.200195
2015-11-10,7877.600098,7885.100098,7772.850098,7783.350098,7783.350098
2015-11-13,7762.450195,7775.100098,7730.899902,7762.25,7762.25
2015-11-16,7732.950195,7838.850098,7714.149902,7806.600098,7806.600098
2015-11-17,7848.75,7860.450195,7793,7837.549805,7837.549805
2015-11-18,7823.149902,7843.399902,7725.049805,7731.799805,7731.799805
2015-11-19,7788.5,7854.899902,7765.450195,7842.75,7842.75
2015-11-20,7841.899902,7906.950195,7817.799805,7856.549805,7856.549805
2015-11-23,7869.5,7877.5,7825.200195,7849.25,7849.25
2015-11-24,7837,7870.350098,7812.649902,7831.600098,7831.600098
2015-11-26,7837.149902,7897.100098,7832,7883.799805,7883.799805
2015-11-27,7910.600098,7959.299805,7879.450195,7942.700195,7942.700195
2015-11-30,7936.25,7966,7922.799805,7935.25,7935.25
2015-12-01,7958.149902,7972.149902,7934.149902,7954.899902,7954.899902
2015-12-02,7976.700195,7979.299805,7910.799805,7931.350098,7931.350098
2015-12-03,7902.299805,7912.299805,7853.299805,7864.149902,7864.149902
2015-12-04,7817.600098,7821.399902,7775.700195,7781.899902,7781.899902
2015-12-07,7816.549805,7825.399902,7746.049805,7765.399902,7765.399902
2015-12-08,7738.5,7771.25,7685.450195,7701.700195,7701.700195
2015-12-09,7695.5,7702.850098,7606.899902,7612.5,7612.5
2015-12-10,7643.299805,7691.950195,7610,7683.299805,7683.299805
2015-12-11,7699.600098,7703.049805,7575.299805,7610.450195,7610.450195
2015-12-14,7558.200195,7663.950195,7551.049805,7650.049805,7650.049805
2015-12-15,7659.149902,7705,7625.100098,7700.899902,7700.899902
2015-12-16,7725.25,7776.600098,7715.75,7750.899902,7750.899902
2015-12-17,7783.049805,7852.899902,7737.549805,7844.350098,7844.350098
2015-12-18,7828.899902,7836.149902,7753.350098,7761.950195,7761.950195
2015-12-21,7745.649902,7840.75,7733.450195,7834.450195,7834.450195
2015-12-22,7829.399902,7846.299805,7776.850098,7786.100098,7786.100098
2015-12-23,7830.450195,7871.450195,7826.100098,7865.950195,7865.950195
2015-12-24,7888.75,7888.75,7835.5,7861.049805,7861.049805
2015-12-28,7863.200195,7937.200195,7863,7925.149902,7925.149902
2015-12-29,7929.200195,7942.149902,7902.75,7928.950195,7928.950195
2015-12-30,7938.600098,7944.75,7889.850098,7896.25,7896.25
2015-12-31,7897.799805,7955.549805,7891.149902,7946.350098,7946.350098
2016-01-01,null,null,null,null,null
2016-01-04,7924.549805,7937.549805,7781.100098,7791.299805,7791.299805
2016-01-05,7828.399902,7831.200195,7763.25,7784.649902,7784.649902
2016-01-06,7788.049805,7800.950195,7721.200195,7741,7741
2016-01-07,7673.350098,7674.950195,7556.600098,7568.299805,7568.299805
2016-01-08,7611.649902,7634.100098,7581.049805,7601.350098,7601.350098
2016-01-11,7527.450195,7605.100098,7494.350098,7563.850098,7563.850098
2016-01-12,7587.200195,7588.299805,7487.799805,7510.299805,7510.299805
2016-01-13,7557.899902,7590.950195,7425.799805,7562.399902,7562.399902
2016-01-14,7467.399902,7604.799805,7443.799805,7536.799805,7536.799805
2016-01-15,7561.649902,7566.5,7427.299805,7437.799805,7437.799805
2016-01-18,7420.350098,7463.649902,7336.399902,7351,7351
2016-01-19,7381.799805,7462.75,7364.149902,7435.100098,7435.100098
2016-01-20,7357,7470.899902,7241.5,7309.299805,7309.299805
2016-01-21,7376.649902,7398.700195,7250,7276.799805,7276.799805
2016-01-22,7355.700195,7433.399902,7327.600098,7422.450195,7422.450195
2016-01-25,7468.75,7487.149902,7421.200195,7436.149902,7436.149902
2016-01-27,7469.600098,7477.899902,7419.700195,7437.75,7437.75
2016-01-28,7426.5,7468.850098,7409.600098,7424.649902,7424.649902
2016-01-29,7413.350098,7575.649902,7402.799805,7563.549805,7563.549805
2016-02-01,7589.5,7600.450195,7541.25,7555.950195,7555.950195
2016-02-02,7566.649902,7576.299805,7428.049805,7455.549805,7455.549805
2016-02-03,7392.450195,7419.399902,7350.299805,7361.799805,7361.799805
2016-02-04,7411.450195,7457.049805,7365.950195,7404,7404
2016-02-05,7418.25,7503.149902,7406.649902,7489.100098,7489.100098
2016-02-08,7489.700195,7512.549805,7363.200195,7387.25,7387.25
2016-02-09,7303.950195,7323.450195,7275.149902,7298.200195,7298.200195
2016-02-10,7264.299805,7271.850098,7177.75,7215.700195,7215.700195
2016-02-11,7203.600098,7208.649902,6959.950195,6976.350098,6976.350098
2016-02-12,7023.649902,7034.799805,6869,6980.950195,6980.950195
2016-02-15,7057.350098,7182.799805,7056.799805,7162.950195,7162.950195
2016-02-16,7201.25,7204.649902,7037.700195,7048.25,7048.25
2016-02-17,7058.850098,7123.700195,6960.649902,7108.450195,7108.450195
2016-02-18,7177.399902,7215.100098,7127.850098,7191.75,7191.75
2016-02-19,7170.549805,7226.850098,7145.950195,7210.75,7210.75
2016-02-22,7208.850098,7252.399902,7200.700195,7234.549805,7234.549805
2016-02-23,7240.299805,7241.700195,7090.700195,7109.549805,7109.549805
2016-02-24,7075,7090.799805,7009.75,7018.700195,7018.700195
2016-02-25,7029.850098,7034.200195,6961.399902,6970.600098,6970.600098
2016-02-26,7039.299805,7052.899902,6985.100098,7029.75,7029.75
2016-02-29,7050.450195,7094.600098,6825.799805,6987.049805,6987.049805
2016-03-01,7038.25,7235.5,7035.100098,7222.299805,7222.299805
2016-03-02,7321.700195,7380.350098,7308.149902,7368.850098,7368.850098
2016-03-03,7429.549805,7483.950195,7406.049805,7475.600098,7475.600098
2016-03-04,7505.399902,7505.899902,7444.100098,7485.350098,7485.350098
2016-03-08,7486.399902,7527.149902,7442.149902,7485.299805,7485.299805
2016-03-09,7436.100098,7539,7424.299805,7531.799805,7531.799805
2016-03-10,7545.350098,7547.100098,7447.399902,7486.149902,7486.149902
2016-03-11,7484.850098,7543.950195,7460.600098,7510.200195,7510.200195
2016-03-14,7542.600098,7583.700195,7515.049805,7538.75,7538.75
2016-03-15,7535.850098,7545.200195,7452.799805,7460.600098,7460.600098
2016-03-16,7457.049805,7508,7405.149902,7498.75,7498.75
2016-03-17,7557.399902,7585.299805,7479.399902,7512.549805,7512.549805
2016-03-18,7534.649902,7613.600098,7517.899902,7604.350098,7604.350098
2016-03-21,7619.200195,7713.549805,7617.700195,7704.25,7704.25
2016-03-22,7695.549805,7728.200195,7643.799805,7714.899902,7714.899902
2016-03-23,7717.450195,7726.850098,7670.600098,7716.5,7716.5
2016-03-28,7741,7749.399902,7587.700195,7615.100098,7615.100098
2016-03-29,7606.549805,7652.899902,7582.25,7597,7597
2016-03-30,7651.100098,7741.950195,7643.450195,7735.200195,7735.200195
2016-03-31,7727.649902,7777.600098,7702,7738.399902,7738.399902
2016-04-01,7718.049805,7740.149902,7666.100098,7713.049805,7713.049805
2016-04-04,7733.149902,7764.450195,7704.399902,7758.799805,7758.799805
2016-04-05,7736.299805,7736.299805,7588.649902,7603.200195,7603.200195
2016-04-06,7636.049805,7638.649902,7591.75,7614.350098,7614.350098
2016-04-07,7630.399902,7630.75,7535.850098,7546.450195,7546.450195
2016-04-08,7542.350098,7569.350098,7526.700195,7555.200195,7555.200195
2016-04-11,7577.799805,7678.799805,7516.850098,7671.399902,7671.399902
2016-04-12,7669.25,7717.399902,7663.350098,7708.950195,7708.950195
2016-04-13,7777.149902,7864.799805,7772.200195,7850.450195,7850.450195
2016-04-18,7908.149902,7920.600098,7842.75,7914.700195,7914.700195
2016-04-20,7950.049805,7950.399902,7877.549805,7914.75,7914.75
2016-04-21,7953.649902,7978.450195,7884.100098,7912.049805,7912.049805
2016-04-22,7891.799805,7923.350098,7873.350098,7899.299805,7899.299805
2016-04-25,7894.799805,7911,7827,7855.049805,7855.049805
2016-04-26,7828.149902,7974.5,7822.549805,7962.649902,7962.649902
2016-04-27,7942,7991,7940.549805,7979.899902,7979.899902
2016-04-28,7967.399902,7992,7834.450195,7847.25,7847.25
2016-04-29,7844.25,7889.049805,7788.700195,7849.799805,7849.799805
2016-05-02,7822.700195,7829.799805,7777.299805,7805.899902,7805.899902
2016-05-03,7824.799805,7890.25,7735.149902,7747,7747
2016-05-04,7724.149902,7749,7697.25,7706.549805,7706.549805
2016-05-05,7731,7777.549805,7706.850098,7735.5,7735.5
2016-05-06,7717.649902,7738.899902,7678.350098,7733.450195,7733.450195
2016-05-09,7755.25,7873.649902,7753.549805,7866.049805,7866.049805
2016-05-10,7873.549805,7896.899902,7837.700195,7887.799805,7887.799805
2016-05-11,7804.649902,7893.100098,7780.899902,7848.850098,7848.850098
2016-05-12,7871.450195,7916.049805,7849.649902,7900.399902,7900.399902
2016-05-13,7881,7881,7784.200195,7814.899902,7814.899902
2016-05-16,7831.200195,7873.899902,7772.149902,7860.75,7860.75
2016-05-17,7896.850098,7940.100098,7879.700195,7890.75,7890.75
2016-05-18,7846.75,7882.049805,7810.75,7870.149902,7870.149902
2016-05-19,7875.5,7876.200195,7766.799805,7783.399902,7783.399902
2016-05-20,7792.200195,7812.399902,7735.75,7749.700195,7749.700195
2016-05-23,7813.950195,7820.600098,7722.200195,7731.049805,7731.049805
2016-05-24,7738.049805,7761.549805,7715.799805,7748.850098,7748.850098
2016-05-25,7811.799805,7941.200195,7809.299805,7934.899902,7934.899902
2016-05-26,7974.450195,8083,7948.5,8069.649902,8069.649902
2016-05-27,8081.950195,8164.200195,8077.049805,8156.649902,8156.649902
2016-05-30,8166.5,8200,8150.799805,8178.5,8178.5
2016-05-31,8209.849609,8213.599609,8134.299805,8160.100098,8160.100098
2016-06-01,8179.200195,8215.349609,8171.049805,8179.950195,8179.950195
2016-06-02,8156.899902,8229.5,8154.75,8218.950195,8218.950195
2016-06-03,8246.200195,8262,8209.849609,8220.799805,8220.799805
2016-06-06,8228.75,8234.700195,8186.049805,8201.049805,8201.049805
2016-06-07,8235.549805,8294.950195,8216.400391,8266.450195,8266.450195
2016-06-08,8285.5,8288.900391,8252.049805,8273.049805,8273.049805
2016-06-09,8273.349609,8273.349609,8184.600098,8203.599609,8203.599609
2016-06-10,8180.25,8265.599609,8162.850098,8170.049805,8170.049805
2016-06-13,8102.25,8125.25,8063.899902,8110.600098,8110.600098
2016-06-14,8134.399902,8134.950195,8069.5,8108.850098,8108.850098
2016-06-15,8139.399902,8213.200195,8123.149902,8206.599609,8206.599609
2016-06-16,8180.649902,8180.649902,8074.450195,8140.75,8140.75
2016-06-17,8176.649902,8195.25,8135.799805,8170.200195,8170.200195
2016-06-20,8115.75,8244.150391,8107.350098,8238.5,8238.5
2016-06-21,8255.400391,8257.25,8202.150391,8219.900391,8219.900391
2016-06-22,8213.650391,8238.349609,8153.25,8203.700195,8203.700195
2016-06-23,8201.150391,8285.599609,8188.299805,8270.450195,8270.450195
2016-06-24,8029.100098,8100.700195,7927.049805,8088.600098,8088.600098
2016-06-27,8039.350098,8120.649902,8039.350098,8094.700195,8094.700195
2016-06-28,8096.049805,8146.350098,8086.850098,8127.850098,8127.850098
2016-06-29,8173.100098,8212.400391,8157.649902,8204,8204
2016-06-30,8260.25,8308.150391,8242.099609,8287.75,8287.75
2016-07-01,8313.049805,8356.75,8308.650391,8328.349609,8328.349609
2016-07-04,8376.75,8398.450195,8364.700195,8370.700195,8370.700195
2016-07-05,8379.299805,8381.450195,8319.950195,8335.950195,8335.950195
2016-07-07,8342,8361.950195,8317.700195,8337.900391,8337.900391
2016-07-08,8350,8353.299805,8287.549805,8323.200195,8323.200195
2016-07-11,8413.349609,8475.25,8407.049805,8467.900391,8467.900391
2016-07-12,8502.599609,8526.599609,8479.200195,8521.049805,8521.049805
2016-07-13,8540.450195,8550.25,8493.549805,8519.5,8519.5
2016-07-14,8515.75,8571.400391,8500.700195,8565,8565
2016-07-15,8565.450195,8594.799805,8510.049805,8541.400391,8541.400391
2016-07-18,8564.049805,8587.099609,8494.349609,8508.700195,8508.700195
2016-07-19,8514.299805,8540.049805,8476.700195,8528.549805,8528.549805
2016-07-20,8515.450195,8569.900391,8512.549805,8565.849609,8565.849609
2016-07-21,8582.700195,8585.25,8503.450195,8510.099609,8510.099609
2016-07-22,8519.650391,8548.950195,8489.799805,8541.200195,8541.200195
2016-07-25,8519.950195,8641.150391,8517.200195,8635.650391,8635.650391
2016-07-26,8633.75,8644.900391,8577.150391,8590.650391,8590.650391
2016-07-27,8599.400391,8665,8572.049805,8615.799805,8615.799805
2016-07-28,8636.950195,8674.700195,8625.25,8666.299805,8666.299805
2016-07-29,8668.299805,8670.349609,8631.150391,8638.5,8638.5
2016-08-01,8654.299805,8711.299805,8590.5,8636.549805,8636.549805
2016-08-02,8647.450195,8687.200195,8611.400391,8622.900391,8622.900391
2016-08-03,8635.200195,8635.450195,8529.599609,8544.849609,8544.849609
2016-08-04,8599.950195,8601.400391,8518.150391,8551.099609,8551.099609
2016-08-05,8600.200195,8689.400391,8590.150391,8683.150391,8683.150391
2016-08-08,8712.849609,8723.5,8697.599609,8711.349609,8711.349609
2016-08-09,8727.799805,8728.349609,8638.200195,8678.25,8678.25
2016-08-10,8686.700195,8690.099609,8564.599609,8575.299805,8575.299805
2016-08-11,8572.799805,8601.150391,8540.049805,8592.150391,8592.150391
2016-08-12,null,null,null,null,null
2016-08-16,8670.25,8682.349609,8600.450195,8642.549805,8642.549805
2016-08-17,8639.799805,8667.099609,8603.599609,8624.049805,8624.049805
2016-08-18,8648.849609,8690.700195,8645.049805,8673.25,8673.25
2016-08-19,8694.299805,8696.599609,8647.099609,8666.900391,8666.900391
2016-08-22,8667,8684.849609,8614,8629.150391,8629.150391
2016-08-23,8628.349609,8642.150391,8580,8632.599609,8632.599609
2016-08-24,8648.5,8661.049805,8620.900391,8650.299805,8650.299805
2016-08-25,8668.849609,8683.049805,8583.650391,8592.200195,8592.200195
2016-08-26,8614.349609,8622.950195,8547.549805,8572.549805,8572.549805
2016-08-29,8583.75,8622,8543.75,8607.450195,8607.450195
2016-08-30,8646.75,8750.599609,8642.25,8744.349609,8744.349609
2016-08-31,8754.049805,8819.200195,8754.049805,8786.200195,8786.200195
2016-09-01,8793.599609,8813.25,8759.950195,8774.650391,8774.650391
2016-09-02,8796.349609,8824.099609,8768.200195,8809.650391,8809.650391
2016-09-06,8852.700195,8950.849609,8848.450195,8943,8943
2016-09-07,8968.700195,8968.700195,8913.349609,8917.950195,8917.950195
2016-09-08,8915.5,8960.349609,8896,8952.5,8952.5
2016-09-09,8934.299805,8939.150391,8858.700195,8866.700195,8866.700195
2016-09-12,8732.950195,8746.950195,8699.400391,8715.599609,8715.599609
2016-09-14,8710.650391,8739.849609,8688.900391,8726.599609,8726.599609
2016-09-15,8743.849609,8751.950195,8704.349609,8742.549805,8742.549805
2016-09-16,8780.849609,8847.650391,8750.5,8779.849609,8779.849609
2016-09-19,8788.450195,8824.299805,8774.200195,8808.400391,8808.400391
2016-09-20,8816.099609,8816.450195,8759.299805,8775.900391,8775.900391
2016-09-21,8790.299805,8826.849609,8757.299805,8777.150391,8777.150391
2016-09-22,8873.349609,8893.349609,8837.799805,8867.450195,8867.450195
2016-09-23,8880.75,8885.200195,8820.299805,8831.549805,8831.549805
2016-09-26,8807.900391,8809.549805,8715.099609,8723.049805,8723.049805
2016-09-27,8748.900391,8768.5,8690.5,8706.400391,8706.400391
2016-09-28,8711.200195,8767.049805,8703.150391,8745.150391,8745.150391
2016-09-29,8792.700195,8800.650391,8558.25,8591.25,8591.25
2016-09-30,8581.5,8637.150391,8555.200195,8611.150391,8611.150391
2016-10-03,8666.150391,8745.200195,8635,8738.099609,8738.099609
2016-10-04,8770,8783.650391,8736.099609,8769.150391,8769.150391
2016-10-05,8806.349609,8806.950195,8731.400391,8743.950195,8743.950195
2016-10-06,8768.700195,8781.150391,8684.650391,8709.549805,8709.549805
2016-10-07,8721.700195,8723.700195,8663.799805,8697.599609,8697.599609
2016-10-10,8735.349609,8745.799805,8703.950195,8708.799805,8708.799805
2016-10-13,8671.5,8681.549805,8541.349609,8573.349609,8573.349609
2016-10-14,8594,8604.450195,8549.799805,8583.400391,8583.400391
2016-10-17,8612.950195,8615.400391,8506.150391,8520.400391,8520.400391
2016-10-18,8556.049805,8685.099609,8555.900391,8677.900391,8677.900391
2016-10-19,8697.5,8698.75,8636.700195,8659.099609,8659.099609
2016-10-20,8693.349609,8727,8678.299805,8699.400391,8699.400391
2016-10-21,8708.599609,8709.099609,8652.049805,8693.049805,8693.049805
2016-10-24,8709.849609,8736.950195,8684.150391,8708.950195,8708.950195
2016-10-25,8721.700195,8722.650391,8663.450195,8691.299805,8691.299805
2016-10-26,8657.299805,8657.299805,8596.599609,8615.25,8615.25
2016-10-27,8607.099609,8624.849609,8550.25,8615.25,8615.25
2016-10-28,8625,8653.75,8581.75,8638,8638
2016-11-01,8653.150391,8669.599609,8614.5,8626.25,8626.25
2016-11-02,8542.799805,8549.5,8504.849609,8514,8514
2016-11-03,8499.849609,8537.650391,8476.150391,8484.950195,8484.950195
2016-11-04,8503.599609,8504,8400.25,8433.75,8433.75
2016-11-07,8535.75,8535.849609,8481.450195,8497.049805,8497.049805
2016-11-08,8540,8559.400391,8480.099609,8543.549805,8543.549805
2016-11-09,8067.5,8476.200195,8002.25,8432,8432
2016-11-10,8555.599609,8598.450195,8510.700195,8525.75,8525.75
2016-11-11,8456.650391,8460.599609,8284.950195,8296.299805,8296.299805
2016-11-15,8284.849609,8288.549805,8093.200195,8108.450195,8108.450195
2016-11-16,8205.650391,8210.049805,8089.399902,8111.600098,8111.600098
2016-11-17,8105.100098,8151.25,8060.299805,8079.950195,8079.950195
2016-11-18,8097.549805,8128.950195,8048.299805,8074.100098,8074.100098
2016-11-21,8102.100098,8102.450195,7916.399902,7929.100098,7929.100098
2016-11-22,7989.149902,8019.049805,7938.149902,8002.299805,8002.299805
2016-11-23,8051.200195,8055.200195,7973.100098,8033.299805,8033.299805
2016-11-24,8011.799805,8024.850098,7952.549805,7965.5,7965.5
2016-11-25,8007.950195,8122.25,7976.75,8114.299805,8114.299805
2016-11-28,8080.649902,8146.5,8066.5,8126.899902,8126.899902
2016-11-29,8131.549805,8197.349609,8128.700195,8142.149902,8142.149902
2016-11-30,8172.149902,8234.25,8139.25,8224.5,8224.5
2016-12-01,8244,8250.799805,8185.049805,8192.900391,8192.900391
2016-12-02,8153.549805,8159.299805,8070.049805,8086.799805,8086.799805
2016-12-05,8088.75,8141.899902,8056.850098,8128.75,8128.75
2016-12-06,8153.149902,8178.700195,8130.850098,8143.149902,8143.149902
2016-12-07,8168.399902,8190.450195,8077.5,8102.049805,8102.049805
2016-12-08,8152.100098,8256.25,8151.75,8246.849609,8246.849609
2016-12-09,8271.700195,8274.950195,8241.950195,8261.75,8261.75
2016-12-12,8230.650391,8230.650391,8154.450195,8170.799805,8170.799805
2016-12-13,8196.150391,8228.849609,8155.799805,8221.799805,8221.799805
2016-12-14,8229.349609,8229.400391,8165.100098,8182.450195,8182.450195
2016-12-15,8128.399902,8225.900391,8121.950195,8153.600098,8153.600098
2016-12-16,8178.200195,8178.700195,8127.450195,8139.450195,8139.450195
2016-12-19,8126,8132.5,8094.850098,8104.350098,8104.350098
2016-12-20,8110.600098,8124.100098,8062.75,8082.399902,8082.399902
2016-12-21,8105.850098,8112.549805,8053.25,8061.299805,8061.299805
2016-12-22,8043.850098,8046.450195,7964.950195,7979.100098,7979.100098
2016-12-23,7972.5,8022.600098,7942.049805,7985.75,7985.75
2016-12-26,7965.100098,7970.049805,7893.799805,7908.25,7908.25
2016-12-27,7915.049805,8044.649902,7903.700195,8032.850098,8032.850098
2016-12-28,8047.549805,8100.549805,8028.399902,8034.850098,8034.850098
2016-12-29,8030.600098,8111.100098,8020.799805,8103.600098,8103.600098
2016-12-30,8119.649902,8197,8114.75,8185.799805,8185.799805
2017-01-02,8210.099609,8212,8133.799805,8179.5,8179.5
2017-01-03,8196.049805,8219.099609,8148.600098,8192.25,8192.25
2017-01-04,8202.650391,8218.5,8180.899902,8190.5,8190.5
2017-01-05,8226.650391,8282.650391,8223.700195,8273.799805,8273.799805
2017-01-06,8281.849609,8306.849609,8233.25,8243.799805,8243.799805
2017-01-09,8259.349609,8263,8227.75,8236.049805,8236.049805
2017-01-10,8262.700195,8293.799805,8261,8288.599609,8288.599609
2017-01-11,8327.799805,8389,8322.25,8380.650391,8380.650391
2017-01-12,8391.049805,8417.200195,8382.299805,8407.200195,8407.200195
2017-01-13,8457.650391,8461.049805,8373.150391,8400.349609,8400.349609
2017-01-16,8390.950195,8426.700195,8374.400391,8412.799805,8412.799805
2017-01-17,8415.049805,8440.900391,8378.299805,8398,8398
2017-01-18,8403.849609,8460.299805,8397.400391,8417,8417
2017-01-19,8418.400391,8445.150391,8404.049805,8435.099609,8435.099609
2017-01-20,8404.349609,8423.650391,8340.950195,8349.349609,8349.349609
2017-01-23,8329.599609,8404.150391,8327.200195,8391.5,8391.5
2017-01-24,8407.049805,8480.950195,8398.150391,8475.799805,8475.799805
2017-01-25,8499.450195,8612.599609,8493.950195,8602.75,8602.75
2017-01-27,8610.5,8672.700195,8606.900391,8641.25,8641.25
2017-01-30,8635.549805,8662.599609,8617.75,8632.75,8632.75
2017-01-31,8629.450195,8631.75,8552.400391,8561.299805,8561.299805
2017-02-01,8570.349609,8722.400391,8537.5,8716.400391,8716.400391
2017-02-02,8724.75,8757.599609,8685.799805,8734.25,8734.25
2017-02-03,8735.150391,8748.25,8707.75,8740.950195,8740.950195
2017-02-06,8785.450195,8814.099609,8770.200195,8801.049805,8801.049805
2017-02-07,8805.700195,8809.299805,8741.049805,8768.299805,8768.299805
2017-02-08,8774.549805,8791.25,8715,8769.049805,8769.049805
2017-02-09,8795.549805,8821.400391,8724.099609,8778.400391,8778.400391
2017-02-10,8812.349609,8822.099609,8771.200195,8793.549805,8793.549805
2017-02-13,8819.799805,8826.900391,8754.200195,8805.049805,8805.049805
2017-02-14,8819.900391,8820.450195,8772.5,8792.299805,8792.299805
2017-02-15,8778.950195,8807.900391,8712.849609,8724.700195,8724.700195
2017-02-16,8739,8783.950195,8719.599609,8778,8778
2017-02-17,8883.700195,8896.450195,8804.25,8821.700195,8821.700195
2017-02-20,8818.549805,8886.25,8809.799805,8879.200195,8879.200195
2017-02-21,8890.75,8920.799805,8860.950195,8907.849609,8907.849609
2017-02-22,8931.599609,8960.75,8905.25,8926.900391,8926.900391
2017-02-23,8956.400391,8982.150391,8927.549805,8939.5,8939.5
2017-02-27,8943.700195,8951.799805,8888.650391,8896.700195,8896.700195
2017-02-28,8898.950195,8914.75,8867.599609,8879.599609,8879.599609
2017-03-01,8904.400391,8960.799805,8898.599609,8945.799805,8945.799805
2017-03-02,8982.849609,8992.5,8879.799805,8899.75,8899.75
2017-03-03,8883.5,8907.099609,8860.099609,8897.549805,8897.549805
2017-03-06,8915.099609,8967.799805,8914,8963.450195,8963.450195
2017-03-07,8977.75,8977.849609,8932.799805,8946.900391,8946.900391
2017-03-08,8950.700195,8957.049805,8891.950195,8924.299805,8924.299805
2017-03-09,8914.5,8945.799805,8899.5,8927,8927
2017-03-10,8953.700195,8975.700195,8903.950195,8934.549805,8934.549805
2017-03-14,9091.650391,9122.75,9060.5,9087,9087
2017-03-15,9086.849609,9106.549805,9075.5,9084.799805,9084.799805
2017-03-16,9129.650391,9158.450195,9128.549805,9153.700195,9153.700195
2017-03-17,9207.799805,9218.400391,9147.599609,9160.049805,9160.049805
2017-03-20,9166.950195,9167.599609,9116.299805,9126.849609,9126.849609
2017-03-21,9133.950195,9147.75,9087.200195,9121.5,9121.5
2017-03-22,9047.200195,9072.900391,9019.299805,9030.450195,9030.450195
2017-03-23,9048.75,9099.049805,9048.599609,9086.299805,9086.299805
2017-03-24,9104,9133.549805,9089.400391,9108,9108
2017-03-27,9093.450195,9094.849609,9024.650391,9045.200195,9045.200195
2017-03-28,9081.5,9110.400391,9079.799805,9100.799805,9100.799805
2017-03-29,9128.700195,9153.150391,9109.099609,9143.799805,9143.799805
2017-03-30,9142.599609,9183.150391,9136.349609,9173.75,9173.75
2017-03-31,9158.900391,9191.700195,9152.099609,9173.75,9173.75
2017-04-03,9220.599609,9245.349609,9192.400391,9237.849609,9237.849609
2017-04-05,9264.400391,9273.900391,9215.400391,9265.150391,9265.150391
2017-04-06,9245.799805,9267.950195,9218.849609,9261.950195,9261.950195
2017-04-07,9223.700195,9250.5,9188.099609,9198.299805,9198.299805
2017-04-10,9225.599609,9225.650391,9174.849609,9181.450195,9181.450195
2017-04-11,9184.549805,9242.700195,9172.849609,9237,9237
2017-04-12,9242.5,9246.400391,9161.799805,9203.450195,9203.450195
2017-04-13,9202.5,9202.650391,9144.950195,9150.799805,9150.799805
2017-04-17,9144.75,9160,9120.25,9139.299805,9139.299805
2017-04-18,9163,9217.900391,9095.450195,9105.150391,9105.150391
2017-04-19,9112.200195,9120.5,9075.150391,9103.5,9103.5
2017-04-20,9108.099609,9143.900391,9102.650391,9136.400391,9136.400391
2017-04-21,9179.099609,9183.650391,9088.75,9119.400391,9119.400391
2017-04-24,9135.349609,9225.400391,9130.549805,9217.950195,9217.950195
2017-04-25,9273.049805,9309.200195,9250.349609,9306.599609,9306.599609
2017-04-26,9336.200195,9367,9301.349609,9351.849609,9351.849609
2017-04-27,9359.150391,9367.150391,9322.650391,9342.150391,9342.150391
2017-04-28,9340.950195,9342.650391,9282.25,9304.049805,9304.049805
2017-05-02,9339.849609,9352.549805,9269.900391,9313.799805,9313.799805
2017-05-03,9344.700195,9346.299805,9298.400391,9311.950195,9311.950195
2017-05-04,9360.950195,9365.650391,9323.25,9359.900391,9359.900391
2017-05-05,9374.549805,9377.099609,9272,9285.299805,9285.299805
2017-05-08,9311.450195,9338.700195,9297.950195,9314.049805,9314.049805
2017-05-09,9337.349609,9338.950195,9307.700195,9316.849609,9316.849609
2017-05-10,9339.650391,9414.75,9336,9407.299805,9407.299805
2017-05-11,9448.599609,9450.650391,9411.299805,9422.400391,9422.400391
2017-05-12,9436.650391,9437.75,9372.549805,9400.900391,9400.900391
2017-05-15,9433.549805,9449.25,9423.099609,9445.400391,9445.400391
2017-05-16,9461,9517.200195,9456.349609,9512.25,9512.25
2017-05-17,9517.599609,9532.599609,9486.099609,9525.75,9525.75
2017-05-18,9453.200195,9489.099609,9418.099609,9429.450195,9429.450195
2017-05-19,9469.900391,9505.75,9390.75,9427.900391,9427.900391
2017-05-22,9480.25,9498.650391,9427.900391,9438.25,9438.25
2017-05-23,9445.049805,9448.049805,9370,9386.150391,9386.150391
2017-05-24,9410.900391,9431.900391,9341.650391,9360.549805,9360.549805
2017-05-25,9384.049805,9523.299805,9379.200195,9509.75,9509.75
2017-05-26,9507.75,9604.900391,9495.400391,9595.099609,9595.099609
2017-05-29,9560.049805,9637.75,9547.700195,9604.900391,9604.900391
2017-05-30,9590.650391,9635.299805,9581.200195,9624.549805,9624.549805
2017-05-31,9636.549805,9649.599609,9609.25,9621.25,9621.25
2017-06-01,9603.549805,9634.650391,9589.900391,9616.099609,9616.099609
2017-06-02,9657.150391,9673.5,9637.450195,9653.5,9653.5
2017-06-05,9656.299805,9687.200195,9640.700195,9675.099609,9675.099609
2017-06-06,9704.25,9709.299805,9630.200195,9637.150391,9637.150391
2017-06-07,9663.950195,9678.549805,9630.549805,9663.900391,9663.900391
2017-06-08,9682.400391,9688.700195,9641.5,9647.25,9647.25
2017-06-09,9638.549805,9676.25,9608.150391,9668.25,9668.25
2017-06-12,9646.700195,9647.049805,9598.5,9616.400391,9616.400391
2017-06-13,9615.549805,9654.150391,9595.400391,9606.900391,9606.900391
2017-06-14,9621.549805,9627.400391,9580.450195,9618.150391,9618.150391
2017-06-15,9617.900391,9621.400391,9560.799805,9578.049805,9578.049805
2017-06-16,9595.450195,9615.849609,9565.5,9588.049805,9588.049805
2017-06-19,9626.400391,9673.299805,9614.900391,9657.549805,9657.549805
2017-06-20,9670.5,9676.5,9643.75,9653.5,9653.5
2017-06-21,9648.099609,9650.450195,9608.599609,9633.599609,9633.599609
2017-06-22,9642.650391,9698.849609,9617.75,9630,9630
2017-06-23,9643.25,9647.650391,9565.299805,9574.950195,9574.950195
2017-06-27,9594.049805,9615.400391,9473.450195,9511.400391,9511.400391
2017-06-28,9520.200195,9522.5,9474.349609,9491.25,9491.25
2017-06-29,9522.950195,9575.799805,9493.799805,9504.099609,9504.099609
2017-06-30,9478.5,9535.799805,9448.75,9520.900391,9520.900391
2017-07-03,9587.950195,9624,9543.549805,9615,9615
2017-07-04,9645.900391,9650.650391,9595.5,9613.299805,9613.299805
2017-07-05,9619.75,9643.650391,9607.349609,9637.599609,9637.599609
2017-07-06,9653.599609,9700.700195,9639.950195,9674.549805,9674.549805
2017-07-07,9670.349609,9684.25,9642.650391,9665.799805,9665.799805
2017-07-10,9719.299805,9782.150391,9646.450195,9771.049805,9771.049805
2017-07-11,9797.450195,9830.049805,9778.849609,9786.049805,9786.049805
2017-07-12,9807.299805,9824.950195,9787.700195,9816.099609,9816.099609
2017-07-13,9855.799805,9897.25,9853.450195,9891.700195,9891.700195
2017-07-14,9913.299805,9913.299805,9845.450195,9886.349609,9886.349609
2017-07-17,9908.150391,9928.200195,9894.700195,9915.950195,9915.950195
2017-07-18,9832.700195,9885.349609,9792.049805,9827.150391,9827.150391
2017-07-19,9855.950195,9905.049805,9851.650391,9899.599609,9899.599609
2017-07-20,9920.200195,9922.549805,9863.450195,9873.299805,9873.299805
2017-07-21,9899.599609,9924.700195,9838,9915.25,9915.25
2017-07-24,9936.799805,9982.049805,9919.599609,9966.400391,9966.400391
2017-07-25,10010.549805,10011.299805,9949.099609,9964.549805,9964.549805
2017-07-26,9983.650391,10025.950195,9965.950195,10020.650391,10020.650391
2017-07-27,10063.25,10114.849609,10005.5,10020.549805,10020.549805
2017-07-28,9996.549805,10026.049805,9944.5,10014.5,10014.5
2017-07-31,10034.700195,10085.900391,10016.950195,10077.099609,10077.099609
2017-08-01,10101.049805,10128.599609,10065.75,10114.650391,10114.650391
2017-08-02,10136.299805,10137.849609,10054.200195,10081.5,10081.5
2017-08-03,10081.150391,10081.150391,9998.25,10013.650391,10013.650391
2017-08-04,10008.599609,10075.25,9988.349609,10066.400391,10066.400391
2017-08-07,10074.799805,10088.099609,10046.349609,10057.400391,10057.400391
2017-08-08,10068.349609,10083.799805,9947,9978.549805,9978.549805
2017-08-09,9961.150391,9969.799805,9893.049805,9908.049805,9908.049805
2017-08-10,9872.849609,9892.650391,9776.200195,9820.25,9820.25
2017-08-11,9712.150391,9771.650391,9685.549805,9710.799805,9710.799805
2017-08-14,9755.75,9818.299805,9752.099609,9794.150391,9794.150391
2017-08-16,9825.849609,9903.950195,9773.849609,9897.299805,9897.299805
2017-08-17,9945.549805,9947.799805,9883.75,9904.150391,9904.150391
2017-08-18,9865.950195,9865.950195,9783.650391,9837.400391,9837.400391
2017-08-21,9864.25,9884.349609,9740.099609,9754.349609,9754.349609
2017-08-22,9815.75,9828.450195,9752.599609,9765.549805,9765.549805
2017-08-23,9803.049805,9857.900391,9786.75,9852.5,9852.5
2017-08-24,9881.200195,9881.5,9848.849609,9857.049805,9857.049805
2017-08-28,9907.150391,9925.75,9882,9912.799805,9912.799805
2017-08-29,9886.400391,9887.349609,9783.75,9796.049805,9796.049805
2017-08-30,9859.5,9909.450195,9850.799805,9884.400391,9884.400391
2017-08-31,9905.700195,9925.099609,9856.950195,9917.900391,9917.900391
2017-09-01,9937.650391,9983.450195,9909.849609,9974.400391,9974.400391
2017-09-04,9984.150391,9988.400391,9861,9912.849609,9912.849609
2017-09-05,9933.25,9963.099609,9901.049805,9952.200195,9952.200195
2017-09-06,9899.25,9931.549805,9882.549805,9916.200195,9916.200195
2017-09-07,9945.849609,9964.849609,9917.200195,9929.900391,9929.900391
2017-09-08,9958.650391,9963.599609,9913.299805,9934.799805,9934.799805
2017-09-11,9971.75,10028.650391,9968.799805,10006.049805,10006.049805
2017-09-12,10056.849609,10097.549805,10028.049805,10093.049805,10093.049805
2017-09-13,10099.25,10131.950195,10063.150391,10079.299805,10079.299805
2017-09-14,10107.400391,10126.5,10070.349609,10086.599609,10086.599609
2017-09-15,10062.349609,10115.150391,10043.650391,10085.400391,10085.400391
2017-09-18,10133.099609,10171.700195,10131.299805,10153.099609,10153.099609
2017-09-19,10175.599609,10178.950195,10129.950195,10147.549805,10147.549805
2017-09-20,10160.950195,10171.049805,10134.200195,10141.150391,10141.150391
2017-09-21,10139.599609,10158.900391,10058.599609,10121.900391,10121.900391
2017-09-22,10094.349609,10095.049805,9952.799805,9964.400391,9964.400391
2017-09-25,9960.099609,9960.5,9816.049805,9872.599609,9872.599609
2017-09-26,9875.25,9891.349609,9813,9871.5,9871.5
2017-09-27,9920.599609,9921.049805,9714.400391,9735.75,9735.75
2017-09-28,9736.400391,9789.200195,9687.549805,9768.950195,9768.950195
2017-09-29,9814.299805,9854,9775.349609,9788.599609,9788.599609
2017-10-03,9893.299805,9895.400391,9831.049805,9859.5,9859.5
2017-10-04,9884.349609,9938.299805,9850.650391,9914.900391,9914.900391
2017-10-05,9927,9945.950195,9881.849609,9888.700195,9888.700195
2017-10-06,9908.150391,9989.349609,9906.599609,9979.700195,9979.700195
2017-10-09,9988.200195,10015.75,9959.450195,9988.75,9988.75
2017-10-10,10013.700195,10034,10002.299805,10016.950195,10016.950195
2017-10-11,10042.599609,10067.25,9955.799805,9984.799805,9984.799805
2017-10-12,10011.200195,10104.450195,9977.099609,10096.400391,10096.400391
2017-10-13,10123.700195,10191.900391,10120.099609,10167.450195,10167.450195
2017-10-16,10207.400391,10242.950195,10175.099609,10230.849609,10230.849609
2017-10-17,10227.650391,10251.849609,10212.599609,10234.450195,10234.450195
2017-10-18,10209.400391,10236.450195,10175.75,10210.849609,10210.849609
2017-10-19,10210.349609,10211.950195,10123.349609,10146.549805,10146.549805
2017-10-23,10176.650391,10224.150391,10124.5,10184.849609,10184.849609
2017-10-24,10218.549805,10237.75,10182.400391,10207.700195,10207.700195
2017-10-25,10321.150391,10340.549805,10240.900391,10295.349609,10295.349609
2017-10-26,10291.799805,10355.650391,10271.849609,10343.799805,10343.799805
2017-10-27,10362.299805,10366.150391,10311.299805,10323.049805,10323.049805
2017-10-30,10353.849609,10384.5,10344.299805,10363.650391,10363.650391
2017-10-31,10364.900391,10367.700195,10323.950195,10335.299805,10335.299805
2017-11-01,10390.349609,10451.650391,10383.049805,10440.5,10440.5
2017-11-02,10440.5,10453,10412.549805,10423.799805,10423.799805
2017-11-03,10461.549805,10461.700195,10403.599609,10452.5,10452.5
2017-11-06,10431.75,10490.450195,10413.75,10451.799805,10451.799805
2017-11-07,10477.150391,10485.75,10340.799805,10350.150391,10350.150391
2017-11-08,10361.950195,10384.25,10285.5,10303.150391,10303.150391
2017-11-09,10358.650391,10368.450195,10266.950195,10308.950195,10308.950195
2017-11-10,10304.349609,10344.950195,10254.099609,10321.75,10321.75
2017-11-13,10322,10334.150391,10216.25,10224.950195,10224.950195
2017-11-14,10223.400391,10248,10175.549805,10186.599609,10186.599609
2017-11-15,10171.950195,10175.450195,10094,10118.049805,10118.049805
2017-11-16,10152.900391,10232.25,10139.200195,10214.75,10214.75
2017-11-17,10324.549805,10343.599609,10268.049805,10283.599609,10283.599609
2017-11-20,10287.200195,10309.849609,10261.5,10298.75,10298.75
2017-11-21,10329.25,10358.700195,10315.049805,10326.900391,10326.900391
2017-11-22,10350.799805,10368.700195,10309.549805,10342.299805,10342.299805
2017-11-23,10358.450195,10374.299805,10307.299805,10348.75,10348.75
2017-11-24,10366.799805,10404.5,10362.25,10389.700195,10389.700195
2017-11-27,10361.049805,10407.150391,10340.200195,10399.549805,10399.549805
2017-11-28,10387.900391,10409.549805,10355.200195,10370.25,10370.25
2017-11-29,10376.650391,10392.950195,10345.900391,10361.299805,10361.299805
2017-11-30,10332.700195,10332.700195,10211.25,10226.549805,10226.549805
2017-12-01,10263.700195,10272.700195,10108.549805,10121.799805,10121.799805
2017-12-04,10175.049805,10179.200195,10095.700195,10127.75,10127.75
2017-12-05,10118.25,10147.950195,10069.099609,10118.25,10118.25
2017-12-06,10088.799805,10104.200195,10033.349609,10044.099609,10044.099609
2017-12-07,10063.450195,10182.650391,10061.900391,10166.700195,10166.700195
2017-12-08,10198.450195,10270.849609,10195.25,10265.650391,10265.650391
2017-12-11,10310.5,10329.200195,10282.049805,10322.25,10322.25
2017-12-12,10324.900391,10326.099609,10230.200195,10240.150391,10240.150391
2017-12-13,10236.599609,10296.549805,10169.849609,10192.950195,10192.950195
2017-12-14,10229.299805,10276.099609,10141.549805,10252.099609,10252.099609
2017-12-15,10345.650391,10373.099609,10319.650391,10333.25,10333.25
2017-12-18,10263.099609,10443.549805,10074.799805,10388.75,10388.75
2017-12-19,10414.799805,10472.200195,10406,10463.200195,10463.200195
2017-12-20,10494.400391,10494.450195,10437.150391,10444.200195,10444.200195
2017-12-21,10473.950195,10473.950195,10426.900391,10440.299805,10440.299805
2017-12-22,10457.299805,10501.099609,10448.25,10493,10493
2017-12-26,10512.299805,10545.450195,10477.950195,10531.5,10531.5
2017-12-27,10531.049805,10552.400391,10469.25,10490.75,10490.75
2017-12-28,10498.200195,10534.549805,10460.450195,10477.900391,10477.900391
2017-12-29,10492.349609,10538.700195,10488.650391,10530.700195,10530.700195
2018-01-01,null,null,null,null,null
2018-01-02,10477.549805,10495.200195,10404.650391,10442.200195,10442.200195
2018-01-03,10482.650391,10503.599609,10429.549805,10443.200195,10443.200195
2018-01-04,10469.400391,10513,10441.450195,10504.799805,10504.799805
2018-01-05,10534.25,10566.099609,10520.099609,10558.849609,10558.849609
2018-01-08,10591.700195,10631.200195,10588.549805,10623.599609,10623.599609
2018-01-09,10645.099609,10659.150391,10603.599609,10637,10637
2018-01-10,10652.049805,10655.5,10592.700195,10632.200195,10632.200195
2018-01-11,10637.049805,10664.599609,10612.349609,10651.200195,10651.200195
2018-01-12,10682.549805,10690.400391,10597.099609,10681.25,10681.25
2018-01-15,10718.5,10782.650391,10713.799805,10741.549805,10741.549805
2018-01-16,10761.5,10762.349609,10687.849609,10700.450195,10700.450195
2018-01-17,10702.450195,10803,10666.75,10788.549805,10788.549805
2018-01-18,10873.400391,10887.5,10782.400391,10817,10817
2018-01-19,10829.200195,10906.849609,10793.900391,10894.700195,10894.700195
2018-01-22,10883.200195,10975.099609,10881.400391,10966.200195,10966.200195
2018-01-23,10997.400391,11092.900391,10994.549805,11083.700195,11083.700195
2018-01-24,11069.349609,11110.099609,11046.150391,11086,11086
2018-01-25,11095.599609,11095.599609,11009.200195,11069.650391,11069.650391
2018-01-29,11079.349609,11171.549805,11075.950195,11130.400391,11130.400391
2018-01-30,11120.849609,11121.099609,11033.900391,11049.650391,11049.650391
2018-01-31,11018.799805,11058.5,10979.299805,11027.700195,11027.700195
2018-02-01,11044.549805,11117.349609,10878.799805,11016.900391,11016.900391
2018-02-02,10938.200195,10954.950195,10736.099609,10760.599609,10760.599609
2018-02-05,10604.299805,10702.75,10586.799805,10666.549805,10666.549805
2018-02-06,10295.150391,10594.150391,10276.299805,10498.25,10498.25
2018-02-07,10607.200195,10614,10446.400391,10476.700195,10476.700195
2018-02-08,10518.5,10637.799805,10479.549805,10576.849609,10576.849609
2018-02-09,10416.5,10480.200195,10398.200195,10454.950195,10454.950195
2018-02-12,10518.200195,10555.5,10485.400391,10539.75,10539.75
2018-02-14,10585.75,10590.549805,10456.650391,10500.900391,10500.900391
2018-02-15,10537.900391,10618.099609,10511.049805,10545.5,10545.5
2018-02-16,10596.200195,10612.900391,10434.049805,10452.299805,10452.299805
2018-02-19,10488.900391,10489.349609,10302.75,10378.400391,10378.400391
2018-02-20,10391,10429.349609,10347.650391,10360.400391,10360.400391
2018-02-21,10426,10426.099609,10349.599609,10397.450195,10397.450195
2018-02-22,10354.349609,10397.549805,10340.650391,10382.700195,10382.700195
2018-02-23,10408.099609,10499.099609,10396.650391,10491.049805,10491.049805
2018-02-26,10526.549805,10592.950195,10520.200195,10582.599609,10582.599609
2018-02-27,10615.200195,10631.650391,10537.25,10554.299805,10554.299805
2018-02-28,10488.950195,10535.5,10461.549805,10492.849609,10492.849609
2018-03-01,10479.950195,10525.5,10447.150391,10458.349609,10458.349609
2018-03-05,10428.299805,10428.700195,10323.900391,10358.849609,10358.849609
2018-03-06,10420.5,10441.349609,10215.900391,10249.25,10249.25
2018-03-07,10232.950195,10243.349609,10141.549805,10154.200195,10154.200195
2018-03-08,10216.25,10270.349609,10146.400391,10242.650391,10242.650391
2018-03-09,10271.299805,10296.700195,10211.900391,10226.849609,10226.849609
2018-03-12,10301.599609,10433.650391,10295.450195,10421.400391,10421.400391
2018-03-13,10389.5,10478.599609,10377.849609,10426.849609,10426.849609
2018-03-14,10393.049805,10420.349609,10336.299805,10410.900391,10410.900391
2018-03-15,10405.450195,10420,10346.200195,10360.150391,10360.150391
2018-03-16,10345.150391,10346.299805,10180.25,10195.150391,10195.150391
2018-03-19,10215.349609,10224.549805,10075.299805,10094.25,10094.25
2018-03-20,10051.549805,10155.650391,10049.099609,10124.349609,10124.349609
2018-03-21,10181.950195,10227.299805,10132.950195,10155.25,10155.25
2018-03-22,10167.5,10207.849609,10105.400391,10114.75,10114.75
2018-03-23,9968.799805,10027.700195,9951.900391,9998.049805,9998.049805
2018-03-26,9989.150391,10143.5,9958.549805,10130.650391,10130.650391
2018-03-27,10188,10207.900391,10139.650391,10184.150391,10184.150391
2018-03-28,10143.599609,10158.349609,10096.900391,10113.700195,10113.700195
2018-04-02,10151.650391,10220.099609,10127.75,10211.799805,10211.799805
2018-04-03,10186.849609,10255.349609,10171.049805,10245,10245
2018-04-04,10274.599609,10279.849609,10111.299805,10128.400391,10128.400391
2018-04-05,10228.450195,10331.799805,10227.450195,10325.150391,10325.150391
2018-04-06,10322.75,10350.450195,10290.849609,10331.599609,10331.599609
2018-04-09,10333.700195,10397.700195,10328.5,10379.349609,10379.349609
2018-04-10,10412.900391,10424.849609,10381.5,10402.25,10402.25
2018-04-11,10428.150391,10428.150391,10355.599609,10417.150391,10417.150391
2018-04-12,10410.650391,10469.900391,10395.25,10458.650391,10458.650391
2018-04-13,10495.299805,10519.900391,10451.450195,10480.599609,10480.599609
2018-04-16,10398.299805,10540.150391,10396.349609,10528.349609,10528.349609
2018-04-17,10557.299805,10560.450195,10495.650391,10548.700195,10548.700195
2018-04-18,10578.900391,10594.200195,10509.700195,10526.200195,10526.200195
2018-04-19,10563.650391,10572.200195,10546.200195,10565.299805,10565.299805
2018-04-20,10560.349609,10582.349609,10527.450195,10564.049805,10564.049805
2018-04-23,10592.799805,10638.349609,10514.950195,10584.700195,10584.700195
2018-04-24,10578.099609,10636.799805,10569,10614.349609,10614.349609
2018-04-25,10612.400391,10612.599609,10536.450195,10570.549805,10570.549805
2018-04-26,10586.5,10628.400391,10559.650391,10617.799805,10617.799805
2018-04-27,10651.650391,10719.799805,10647.549805,10692.299805,10692.299805
2018-04-30,10705.75,10759,10704.599609,10739.349609,10739.349609
2018-05-02,10783.849609,10784.650391,10689.799805,10718.049805,10718.049805
2018-05-03,10720.150391,10720.599609,10647.450195,10679.650391,10679.650391
2018-05-04,10700.450195,10700.450195,10601.599609,10618.25,10618.25
2018-05-07,10653.150391,10725.650391,10635.650391,10715.5,10715.5
2018-05-08,10757.900391,10758.549805,10689.400391,10717.799805,10717.799805
2018-05-09,10693.349609,10766.25,10689.849609,10741.700195,10741.700195
2018-05-10,10779.650391,10785.549805,10705,10716.549805,10716.549805
2018-05-11,10741.950195,10812.049805,10724.450195,10806.5,10806.5
2018-05-14,10815.150391,10834.849609,10774.75,10806.599609,10806.599609
2018-05-15,10812.599609,10929.200195,10781.400391,10801.849609,10801.849609
2018-05-16,10751.950195,10790.450195,10699.700195,10741.099609,10741.099609
2018-05-17,10775.599609,10777.25,10664.5,10682.700195,10682.700195
2018-05-18,10671.849609,10674.950195,10589.099609,10596.400391,10596.400391
2018-05-21,10616.700195,10621.700195,10505.799805,10516.700195,10516.700195
2018-05-22,10518.450195,10558.599609,10490.549805,10536.700195,10536.700195
2018-05-23,10521.099609,10533.549805,10417.799805,10430.349609,10430.349609
2018-05-24,10464.849609,10535.150391,10419.799805,10513.849609,10513.849609
2018-05-25,10533.049805,10628.049805,10524,10605.150391,10605.150391
2018-05-28,10648.349609,10709.799805,10640.549805,10688.650391,10688.650391
2018-05-29,10689.400391,10717.25,10616.099609,10633.299805,10633.299805
2018-05-30,10579,10648.700195,10558.450195,10614.349609,10614.349609
2018-05-31,10670.099609,10763.799805,10620.400391,10736.150391,10736.150391
2018-06-01,10738.450195,10764.75,10681.5,10696.200195,10696.200195
2018-06-04,10765.950195,10770.299805,10618.349609,10628.5,10628.5
2018-06-05,10630.700195,10633.150391,10550.900391,10593.150391,10593.150391
2018-06-06,10603.450195,10698.349609,10587.5,10684.650391,10684.650391
2018-06-07,10722.599609,10818,10722.599609,10768.349609,10768.349609
2018-06-08,10736.400391,10779.450195,10709.049805,10767.650391,10767.650391
2018-06-11,10781.849609,10850.549805,10777.049805,10786.950195,10786.950195
2018-06-12,10816.150391,10856.549805,10789.400391,10842.849609,10842.849609
2018-06-13,10887.5,10893.25,10842.650391,10856.700195,10856.700195
2018-06-14,10832.900391,10833.700195,10773.549805,10808.049805,10808.049805
2018-06-15,10808.650391,10834,10755.400391,10817.700195,10817.700195
2018-06-18,10830.200195,10830.200195,10787.349609,10799.849609,10799.849609
2018-06-19,10789.450195,10789.450195,10701.200195,10710.450195,10710.450195
2018-06-20,10734.650391,10781.799805,10724.049805,10772.049805,10772.049805
2018-06-21,10808.450195,10809.599609,10725.900391,10741.099609,10741.099609
2018-06-22,10742.700195,10837,10710.450195,10821.849609,10821.849609
2018-06-25,10822.900391,10831.049805,10753.049805,10762.450195,10762.450195
2018-06-26,10742.700195,10805.25,10732.549805,10769.150391,10769.150391
2018-06-27,10785.5,10785.5,10652.400391,10671.400391,10671.400391
2018-06-28,10660.799805,10674.200195,10557.700195,10589.099609,10589.099609
2018-06-29,10612.849609,10723.049805,10612.349609,10714.299805,10714.299805
2018-07-02,10732.349609,10736.150391,10604.650391,10657.299805,10657.299805
2018-07-03,10668.599609,10713.299805,10630.25,10699.900391,10699.900391
2018-07-04,10715,10777.150391,10677.75,10769.900391,10769.900391
2018-07-05,10786.049805,10786.049805,10726.25,10749.75,10749.75
2018-07-06,10744.150391,10816.349609,10735.049805,10772.650391,10772.650391
2018-07-09,10838.299805,10860.349609,10807.150391,10852.900391,10852.900391
2018-07-10,10902.75,10956.900391,10876.650391,10947.25,10947.25
2018-07-11,10956.400391,10976.650391,10923,10948.299805,10948.299805
2018-07-12,11006.950195,11078.299805,10999.650391,11023.200195,11023.200195
2018-07-13,11056.900391,11071.349609,10999.75,11018.900391,11018.900391
2018-07-16,11018.950195,11019.5,10926.25,10936.849609,10936.849609
2018-07-17,10939.650391,11018.5,10925.599609,11008.049805,11008.049805
2018-07-18,11060.200195,11076.200195,10956.299805,10980.450195,10980.450195
2018-07-19,10999.5,11006.5,10935.450195,10957.099609,10957.099609
2018-07-20,10963.5,11030.25,10946.200195,11010.200195,11010.200195
2018-07-23,11019.849609,11093.400391,11010.950195,11084.75,11084.75
2018-07-24,11109,11143.400391,11092.5,11134.299805,11134.299805
2018-07-25,11148.400391,11157.150391,11113.25,11132,11132
2018-07-26,11132.950195,11185.849609,11125.700195,11167.299805,11167.299805
2018-07-27,11232.75,11283.400391,11210.25,11278.349609,11278.349609
2018-07-30,11296.650391,11328.099609,11261.450195,11319.549805,11319.549805
2018-07-31,11311.049805,11366,11267.75,11356.5,11356.5
2018-08-01,11359.799805,11390.549805,11313.549805,11346.200195,11346.200195
2018-08-02,11328.900391,11328.900391,11234.950195,11244.700195,11244.700195
2018-08-03,11297.799805,11368,11294.549805,11360.799805,11360.799805
2018-08-06,11401.5,11427.650391,11370.599609,11387.099609,11387.099609
2018-08-07,11423.150391,11428.950195,11359.700195,11389.450195,11389.450195
2018-08-08,11412.5,11459.950195,11379.299805,11450,11450
2018-08-09,11493.25,11495.200195,11454.099609,11470.700195,11470.700195
2018-08-10,11474.950195,11478.75,11419.650391,11429.5,11429.5
2018-08-13,11369.599609,11406.299805,11340.299805,11355.75,11355.75
2018-08-14,11381.700195,11452.450195,11370.799805,11435.099609,11435.099609
2018-08-16,11397.150391,11449.849609,11366.25,11385.049805,11385.049805
2018-08-17,11437.150391,11486.450195,11431.799805,11470.75,11470.75
2018-08-20,11502.099609,11565.299805,11499.650391,11551.75,11551.75
2018-08-21,11576.200195,11581.75,11539.599609,11570.900391,11570.900391
2018-08-23,11620.700195,11620.700195,11546.700195,11582.75,11582.75
2018-08-24,11566.599609,11604.599609,11532,11557.099609,11557.099609
2018-08-27,11605.849609,11700.950195,11595.599609,11691.950195,11691.950195
2018-08-28,11731.950195,11760.200195,11710.5,11738.5,11738.5
2018-08-29,11744.950195,11753.200195,11678.849609,11691.900391,11691.900391
2018-08-30,11694.75,11698.799805,11639.700195,11676.799805,11676.799805
2018-08-31,11675.849609,11727.650391,11640.099609,11680.5,11680.5
2018-09-03,11751.799805,11751.799805,11567.400391,11582.349609,11582.349609
2018-09-04,11598.75,11602.549805,11496.849609,11520.299805,11520.299805
2018-09-05,11514.849609,11542.650391,11393.849609,11476.950195,11476.950195
2018-09-06,11514.150391,11562.25,11436.049805,11536.900391,11536.900391
2018-09-07,11558.25,11603,11484.400391,11589.099609,11589.099609
2018-09-10,11570.25,11573,11427.299805,11438.099609,11438.099609
2018-09-11,11476.849609,11479.400391,11274,11287.5,11287.5
2018-09-12,11340.099609,11380.75,11250.200195,11369.900391,11369.900391
2018-09-14,11443.5,11523.25,11430.549805,11515.200195,11515.200195
2018-09-17,11464.950195,11464.950195,11366.900391,11377.75,11377.75
2018-09-18,11381.549805,11411.450195,11268.950195,11278.900391,11278.900391
2018-09-19,11326.650391,11332.049805,11210.900391,11234.349609,11234.349609
2018-09-21,11271.299805,11346.799805,10866.450195,11143.099609,11143.099609
2018-09-24,11164.400391,11170.150391,10943.599609,10967.400391,10967.400391
2018-09-25,10969.950195,11080.599609,10882.849609,11067.450195,11067.450195
2018-09-26,11145.549805,11145.549805,10993.049805,11053.799805,11053.799805
2018-09-27,11079.799805,11089.450195,10953.349609,10977.549805,10977.549805
2018-09-28,11008.099609,11034.099609,10850.299805,10930.450195,10930.450195
2018-10-01,10930.900391,11035.650391,10821.549805,11008.299805,11008.299805
2018-10-03,10982.700195,10989.049805,10843.75,10858.25,10858.25
2018-10-04,10754.700195,10754.700195,10547.25,10599.25,10599.25
2018-10-05,10514.099609,10540.650391,10261.900391,10316.450195,10316.450195
2018-10-08,10310.150391,10398.349609,10198.400391,10348.049805,10348.049805
2018-10-09,10390.299805,10397.599609,10279.349609,10301.049805,10301.049805
2018-10-10,10331.849609,10482.349609,10318.25,10460.099609,10460.099609
2018-10-11,10169.799805,10335.950195,10138.599609,10234.650391,10234.650391
2018-10-12,10331.549805,10492.450195,10322.150391,10472.5,10472.5
2018-10-15,10524.200195,10526.299805,10410.150391,10512.5,10512.5
2018-10-16,10550.150391,10604.900391,10525.299805,10584.75,10584.75
2018-10-17,10688.700195,10710.150391,10436.450195,10453.049805,10453.049805
2018-10-19,10339.700195,10380.099609,10249.599609,10303.549805,10303.549805
2018-10-22,10405.849609,10408.549805,10224,10245.25,10245.25
2018-10-23,10152.599609,10222.099609,10102.349609,10146.799805,10146.799805
2018-10-24,10278.150391,10290.650391,10126.700195,10224.75,10224.75
2018-10-25,10135.049805,10166.599609,10079.299805,10124.900391,10124.900391
2018-10-26,10122.349609,10128.849609,10004.549805,10030,10030
2018-10-29,10078.099609,10275.299805,10020.349609,10250.849609,10250.849609
2018-10-30,10239.400391,10285.099609,10175.349609,10198.400391,10198.400391
2018-10-31,10209.549805,10396,10105.099609,10386.599609,10386.599609
2018-11-01,10441.700195,10441.900391,10341.900391,10380.450195,10380.450195
2018-11-02,10462.299805,10606.950195,10457.700195,10553,10553
2018-11-05,10558.75,10558.799805,10477,10524,10524
2018-11-06,10552,10600.25,10491.450195,10530,10530
2018-11-07,10614.450195,10616.450195,10582.299805,10598.400391,10598.400391
2018-11-09,10614.700195,10619.549805,10544.849609,10585.200195,10585.200195
2018-11-12,10607.799805,10645.5,10464.049805,10482.200195,10482.200195
2018-11-13,10451.900391,10596.25,10440.549805,10582.5,10582.5
2018-11-14,10634.900391,10651.599609,10532.700195,10576.299805,10576.299805
2018-11-15,10580.599609,10646.5,10557.5,10616.700195,10616.700195
2018-11-16,10644,10695.150391,10631.150391,10682.200195,10682.200195
2018-11-19,10731.25,10774.700195,10688.799805,10763.400391,10763.400391
2018-11-20,10740.099609,10740.849609,10640.849609,10656.200195,10656.200195
2018-11-21,10670.950195,10671.299805,10562.349609,10600.049805,10600.049805
2018-11-22,10612.650391,10646.25,10512,10526.75,10526.75
2018-11-26,10568.299805,10637.799805,10489.75,10628.599609,10628.599609
2018-11-27,10621.450195,10695.150391,10596.349609,10685.599609,10685.599609
2018-11-28,10708.75,10757.799805,10699.849609,10728.849609,10728.849609
2018-11-29,10808.700195,10883.049805,10782.349609,10858.700195,10858.700195
2018-11-30,10892.099609,10922.450195,10835.099609,10876.75,10876.75
2018-12-03,10930.700195,10941.200195,10845.349609,10883.75,10883.75
2018-12-04,10877.099609,10890.950195,10833.349609,10869.5,10869.5
2018-12-05,10820.450195,10821.049805,10747.950195,10782.900391,10782.900391
2018-12-06,10718.150391,10722.650391,10588.25,10601.150391,10601.150391
2018-12-07,10644.799805,10704.549805,10599.349609,10693.700195,10693.700195
2018-12-10,10508.700195,10558.849609,10474.950195,10488.450195,10488.450195
2018-12-11,10350.049805,10567.150391,10333.849609,10549.150391,10549.150391
2018-12-12,10591,10752.200195,10560.799805,10737.599609,10737.599609
2018-12-13,10810.75,10838.599609,10749.5,10791.549805,10791.549805
2018-12-14,10784.5,10815.75,10752.099609,10805.450195,10805.450195
2018-12-17,10853.200195,10900.349609,10844.849609,10888.349609,10888.349609
2018-12-18,10850.900391,10915.400391,10819.099609,10908.700195,10908.700195
2018-12-19,10930.549805,10985.150391,10928,10967.299805,10967.299805
2018-12-20,10885.200195,10962.549805,10880.049805,10951.700195,10951.700195
2018-12-21,10944.25,10963.650391,10738.650391,10754,10754
2018-12-24,10780.900391,10782.299805,10649.25,10663.5,10663.5
2018-12-26,10635.450195,10747.5,10534.549805,10729.849609,10729.849609
2018-12-27,10817.900391,10834.200195,10764.450195,10779.799805,10779.799805
2018-12-28,10820.950195,10893.599609,10817.150391,10859.900391,10859.900391
2018-12-31,10913.200195,10923.549805,10853.200195,10862.549805,10862.549805
