Date,ONGC,GAIL,BPCL,IOC,NTPC,COALINDIA,ASIANPAINT,POWERGRID,TECHM,TATAMOTORS
2014-01-01,138.526947,78.136436,75.49437,34.54673,80.893715,156.653809,465.411987,78.737602,391.803345,359.542755
2014-01-08,145.547348,79.777763,76.579369,35.644958,81.765869,164.362762,462.989685,77.661736,411.175842,366.140778
2014-01-15,143.917633,79.523476,78.702675,38.931011,81.454391,149.627579,455.247864,77.980499,397.146027,378.942902
2014-01-22,138.025513,79.777763,79.845993,38.688881,80.052689,156.769653,452.920563,76.984337,377.62149,350.827454
2014-01-29,134.389999,81.985466,82.902641,41.992222,81.111755,156.864044,452.160553,75.988159,384.592957,340.585785
2014-02-05,138.376511,80.448181,83.917625,44.690228,84.977966,169.888855,460.092438,76.187393,404.323822,368.799683
2014-02-12,138.802795,83.771988,82.832642,41.21394,86.071136,160.513489,449.405914,76.306923,395.712585,385.442444
2014-02-19,141.284988,83.514435,86.764267,42.796436,74.496399,154.881989,448.408417,75.948326,399.524139,392.434387
2014-02-26,148.355515,89.09845,88.70092,43.76495,73.210312,155.51123,451.780701,76.62571,412.641724,406.615173
2014-03-05,162.020157,86.745445,96.750862,46.679157,75.493111,160.922485,456.625214,79.848274,386.960266,391.892761
2014-03-12,162.947861,86.523026,104.835777,46.402435,75.814636,170.3293,476.478516,81.948479,389.696716,375.44693
2014-03-19,160.415497,86.054764,103.960785,45.269619,74.014122,172.720322,498.991547,85.300743,397.178528,384.900818
2014-03-26,162.37117,87.787331,104.275772,47.379601,78.418953,182.787827,509.773071,87.239388,395.169647,397.013611
2014-04-02,165.435181,85.387482,102.222473,47.43148,76.77919,178.697891,512.527832,86.350838,389.403473,397.850677
2014-04-09,162.259583,86.171822,103.995789,46.065189,80.637451,184.235031,507.730743,87.118225,383.148743,405.679626
2014-04-16,165.816238,88.723839,112.652382,47.68227,79.608574,188.136154,509.535706,85.583458,385.211914,422.273193
2014-04-23,162.742279,86.20694,107.437439,46.047894,75.65387,186.688965,472.678833,85.300743,400.979248,402.725311
2014-04-30,171.329071,86.581558,109.082397,46.869411,73.499702,186.531662,488.96994,82.796638,391.227844,412.77005
2014-05-07,189.315567,92.118744,118.859024,54.01223,78.96553,208.931839,513.28772,91.157082,395.821167,434.238251
2014-05-14,203.288132,98.791481,130.373901,60.273022,91.47271,230.608353,502.411285,100.890739,384.636475,433.154968
2014-05-21,200.722244,88.79409,129.288925,62.495419,99.124878,247.314117,497.519073,102.506271,402.749207,429.954468
2014-05-28,211.747879,89.344284,133.850525,62.132233,105.587471,247.534363,483.602966,101.173454,412.902405,414.493439
2014-06-04,223.8405,100.348442,143.27713,62.063042,105.169502,264.523224,509.393188,109.816628,435.261047,446.498718
2014-06-11,226.152313,104.176476,142.390488,60.601612,99.607185,251.970383,532.523682,107.837585,440.234467,434.188995
2014-06-18,225.059875,107.583076,135.973831,59.148827,99.575027,246.338837,555.157288,106.949013,433.176147,435.419983
2014-06-25,214.974289,107.887444,137.572189,59.269917,99.414253,241.902832,558.938843,113.088097,458.010651,443.938293
2014-07-02,201.560577,106.646545,133.313873,57.462574,98.385414,237.466827,564.922058,111.270607,457.315613,462.846039
2014-07-09,209.664703,107.746986,135.810501,57.38475,93.6269,229.318512,557.646423,109.170403,447.987793,455.854126
2014-07-16,207.759323,103.181427,135.973831,57.306915,96.359833,243.853409,577.846069,109.655052,463.755096,481.340118
2014-07-23,200.620636,99.353386,134.107224,55.707142,95.845398,229.255585,608.86377,107.59523,475.85202,448.851868
2014-07-30,205.904816,99.259735,138.330505,58.154381,90.475975,227.210632,606.374878,106.98941,479.526489,451.769409
2014-08-06,206.057236,96.801353,137.828812,58.984547,89.704338,229.412888,587.994019,106.827866,474.682373,468.779968
2014-08-13,221.122223,101.179611,157.277008,61.967922,92.533722,232.338699,589.047058,110.301285,484.666473,513.136047
2014-08-20,212.382996,101.694702,155.095398,62.535664,91.820763,224.37915,582.05835,105.818153,515.835693,507.004333
2014-08-27,225.872849,108.859108,164.183609,68.25782,91.299805,228.657776,597.615112,107.029816,527.518494,510.564667
2014-09-03,228.337097,108.874687,161.617004,70.555557,91.56028,239.511826,636.77002,108.281845,534.609436,511.454773
2014-09-10,207.68309,106.465523,155.436234,66.554489,86.057541,216.734116,619.202881,110.911118,531.157166,494.246399
2014-09-17,207.062607,105.231277,155.663422,63.422832,89.150803,210.882416,607.715027,111.359818,542.237366,512.097595
2014-09-24,207.69812,106.679161,156.727554,64.301117,90.583481,214.783524,604.313721,110.340034,545.722534,496.619965
2014-10-01,201.699219,105.255013,155.567749,63.431705,91.59285,214.909409,603.881653,111.971664,551.07074,499.38913
2014-10-08,204.444504,106.204437,156.94278,65.17939,91.625397,216.576828,620.200317,110.992699,519.945435,482.625793
2014-10-15,207.418442,114.191429,164.475449,65.596375,96.086212,223.403854,618.424561,114.1744,510.870911,495.927704
2014-10-22,199.131897,117.811089,167.835251,63.325222,96.216461,224.410583,620.776367,116.254745,519.759216,503.04837
2014-10-29,205.664597,118.52317,173.144028,64.726944,96.183899,226.015091,627.399475,118.171951,565.592285,525.547852
2014-11-05,200.733292,116.280144,183.390854,66.794022,94.946571,217.457733,623.271973,120.456215,576.475098,515.954651
2014-11-12,198.598099,116.375092,172.151611,62.748585,95.597801,221.862244,672.803589,121.027328,569.121277,535.635498
2014-11-19,196.462936,113.277596,169.760284,60.308907,91.267227,218.999313,664.020325,113.480949,574.370789,516.102966
2014-11-26,183.270508,110.073326,170.393997,62.429214,91.462601,223.844284,739.181641,112.624329,582.480896,523.124817
2014-12-03,179.000092,110.263214,161.019989,61.719486,87.880936,227.116226,750.460571,110.095268,572.562561,497.707855
2014-12-10,170.586426,98.146248,154.826431,57.984558,83.550385,230.765717,728.430481,108.545235,555.553223,476.345703
2014-12-17,181.621841,106.18071,155.627533,59.448357,93.09063,241.399445,709.616333,113.44014,563.926331,482.774139
2014-12-24,176.256516,105.397438,155.065567,58.995911,92.439438,240.707336,719.887329,112.298004,572.452942,488.3125
2014-12-31,171.871368,102.513573,152.841644,59.341915,90.648598,239.071381,726.174683,110.788734,555.925781,495.878235
2015-01-07,175.379486,101.623489,160.111267,60.353264,90.485802,227.273544,800.424011,110.829521,605.211365,513.729431
2015-01-14,180.71904,102.383034,154.874268,59.749996,93.025505,240.550034,805.559692,120.252258,614.132263,553.041687
2015-01-21,180.693253,99.487297,165.491776,58.747517,93.220871,240.770248,854.803223,122.332619,617.387268,597.892273
2015-01-28,185.439499,103.035751,173.945084,58.685402,93.774406,224.410583,782.041809,120.089119,639.854492,596.656067
2015-02-04,182.963196,97.315491,166.986328,55.172268,89.313606,231.646591,789.241089,118.3759,605.518127,557.887695
2015-02-11,175.637466,96.366081,173.574463,56.414295,94.265373,237.246628,800.712097,124.616928,635.558411,567.827026
2015-02-18,162.533615,95.891373,181.095169,58.339417,95.967377,241.745544,767.499084,127.880211,611.830933,558.184387
2015-02-25,165.345276,97.066292,186.714767,63.236526,103.888298,238.882614,804.69574,126.901253,637.520081,567.777649
2015-03-04,162.198334,91.037453,182.745193,61.400105,98.160362,246.159256,775.562439,121.149666,622.46167,554.030701
2015-03-11,162.095093,90.088051,179.504913,61.577538,103.331871,240.249298,798.072327,120.994301,627.524902,565.255676
2015-03-18,161.682419,92.568405,177.14949,61.613029,99.960571,245.727631,780.697937,121.240166,578.360168,526.388489
2015-03-25,160.082001,92.046227,193.888779,65.410057,96.131035,240.979767,778.778076,119.027596,552.100891,544.140808
2015-04-01,166.692215,94.977562,190.277878,66.039955,102.317215,238.788422,801.720032,121.240166,572.398193,560.123108
2015-04-08,162.955994,93.814522,195.706192,66.882751,102.971832,260.535706,827.493835,126.484795,582.524841,556.02478
2015-04-15,167.397614,89.257309,191.102875,63.032475,99.07682,248.616196,764.571472,121.977684,558.939697,527.186523
2015-04-22,160.709045,84.949318,182.972397,62.358219,99.044113,247.288086,734.765991,118.372025,533.601135,529.635498
2015-04-29,178.789154,88.61644,185.877853,64.620483,98.520393,241.97583,750.07666,117.306717,534.78479,510.243378
2015-05-06,161.806396,87.168594,173.586411,58.969303,92.727013,245.163208,727.950439,114.151787,540.264587,513.342102
2015-05-13,165.960648,93.019379,187.551743,61.169449,89.093864,241.477768,743.693115,113.70108,542.938721,509.593597
2015-05-20,168.521133,92.164894,186.941956,61.68399,86.737236,249.014633,732.894226,117.224777,561.35083,497.39856
2015-05-27,167.37149,92.331039,202.485596,61.941284,90.304909,254.658951,728.766602,116.774071,481.696594,466.760986
2015-06-03,157.52153,92.746422,203.119308,62.047737,90.992264,266.478851,706.208618,120.748489,473.893219,439.871826
2015-06-10,159.089142,94.657127,196.208359,63.307491,90.108521,263.855927,676.691284,118.08522,483.493896,432.624786
2015-06-17,166.639954,95.843895,205.857391,70.617668,91.155914,275.841797,726.174683,114.233727,485.378815,435.823486
2015-06-24,161.780273,93.090576,210.281311,68.382042,90.108521,279.72644,725.070862,113.987892,418.919861,433.974243
2015-07-01,159.350449,91.251091,222.955383,75.780914,88.013741,284.806335,796.069885,113.578148,413.308594,431.375275
2015-07-08,151.381607,88.557106,221.664047,77.865738,87.12999,288.292511,794.235535,114.88929,418.130768,385.793762
2015-07-15,146.96608,86.634544,227.702118,77.830246,88.766571,284.64032,787.815552,114.725403,446.625732,388.942474
2015-07-22,141.009033,83.537048,225.968445,79.134369,89.715759,279.460815,806.254822,115.83168,459.031982,369.950165
2015-07-29,139.180191,81.875549,223.242279,75.426056,88.471977,294.434937,874.363892,115.544876,480.908325,380.595856
2015-08-05,141.113602,81.745018,221.257446,74.281616,85.624367,260.768127,852.835449,113.045471,479.666321,369.000549
2015-08-12,136.280014,78.267769,214.370499,70.9814,83.300468,241.809799,870.164307,112.59478,499.007324,348.458893
2015-08-19,120.525261,66.578041,206.311691,70.058762,77.998047,234.804184,822.666687,105.383484,468.443146,328.716888
2015-08-26,122.328049,69.402565,206.455215,72.028244,78.718132,235.534653,790.760071,105.793221,454.514008,329.766449
2015-09-02,120.133339,70.830666,201.53952,69.615181,74.921326,224.013565,764.115051,103.293839,476.605408,330.766022
2015-09-09,120.059853,69.571198,215.858978,71.821198,84.305016,224.478378,802.345032,106.305313,479.888031,334.214661
2015-09-16,122.80928,69.583206,211.392578,70.477142,80.350609,214.883026,776.858398,108.500153,494.881775,315.67215
2015-09-23,118.567291,69.787109,208.055084,71.198784,80.649689,209.437912,776.954834,106.305313,506.060516,288.633118
2015-09-30,129.53894,74.045357,214.889587,72.750313,83.573936,227.566177,824.162964,109.535461,501.047729,333.564911
2015-10-07,132.969238,75.652679,211.907928,72.154968,84.703766,226.005676,835.409912,110.198067,497.720795,360.953827
2015-10-14,132.576462,78.087669,223.920563,72.605988,85.036079,222.419876,845.160461,112.558563,486.275879,382.994873
2015-10-21,129.827026,76.444359,224.460464,71.974548,88.159714,220.660172,798.483276,110.902069,478.024902,383.194824
2015-10-28,131.293365,73.685493,215.147263,72.398514,90.18676,216.377136,786.029602,109.038513,493.950195,381.895325
2015-11-04,123.961456,67.436089,215.184113,71.983566,87.295731,216.509903,772.25116,106.263901,465.737122,407.285065
2015-11-11,123.920158,73.433601,215.036835,72.136917,87.794174,220.693359,781.785828,108.293106,464.450684,407.335022
2015-11-18,124.160156,85.356674,222.681259,75.483521,87.162804,220.726563,829.168152,109.204178,476.915924,400.787689
2015-11-25,125.653488,86.07637,228.889969,78.180649,88.159714,226.802505,817.55249,112.641388,480.99707,417.181061
2015-12-02,115.066803,81.470261,223.81012,76.241241,86.431732,211.164398,833.185303,107.83757,470.838593,402.237091
2015-12-09,116.160133,81.74617,218.325272,75.456451,87.594803,208.873444,850.415222,107.257774,461.301147,379.346375
2015-12-16,122.960152,81.182396,221.527817,78.054367,91.050751,211.894821,852.738403,114.71199,460.946259,377.94693
2015-12-23,127.866852,87.815636,221.503311,77.648445,96.234642,213.654556,851.915588,116.741211,460.41391,391.691376
2015-12-30,128.986862,89.303032,221.515564,79.858452,94.539917,216.343887,871.807617,115.250366,463.031219,374.298431
2016-01-06,118.053474,87.767662,218.447998,79.380379,96.500488,209.836304,844.946289,118.23204,450.166718,354.856293
2016-01-13,116.266815,82.273933,219.834549,74.870125,89.821236,205.08847,818.472229,112.599983,454.691467,354.006622
2016-01-20,117.146828,85.572571,215.441788,71.352142,91.682121,202.4655,850.463623,110.156647,456.510284,332.465363
2016-01-27,115.493469,86.772072,208.668594,71.911407,89.090164,211.795242,854.238831,121.13092,420.933411,329.416565
2016-02-03,116.346825,83.629387,205.351685,70.07122,83.640396,205.35408,855.884338,117.569458,397.68866,310.524231
2016-02-10,106.640129,77.379959,186.95491,68.113777,85.996033,211.098007,813.390198,116.009171,375.153778,301.028076
2016-02-17,114.453468,76.62178,183.233261,65.434685,83.337051,199.942139,849.01178,114.177017,380.255157,318.421021
2016-02-24,102.133461,77.612785,197.584686,70.665344,82.697548,211.064804,844.026672,111.387138,383.493439,315.222351
2016-03-02,107.653458,84.501503,204.355896,72.880516,85.861397,215.181854,847.656494,114.676697,398.220978,345.909882
2016-03-09,110.61348,82.338211,202.768738,71.800407,85.693115,196.323151,856.271423,115.717674,408.379486,360.254089
2016-03-16,115.253471,87.269073,217.721985,72.084152,86.332626,213.868774,826.022217,115.093094,429.583649,377.047302
2016-03-23,113.610985,84.066422,218.54715,72.17569,85.693115,214.413605,828.684143,115.051445,414.856079,372.299225
2016-03-30,109.997917,82.072311,222.648041,73.621956,85.39019,199.957123,841.993835,115.800964,410.109528,370.350006
2016-04-06,113.129227,88.550125,230.262161,75.965256,91.213005,199.339615,839.138489,119.215462,412.061371,395.63974
2016-04-13,111.095253,86.882339,242.527328,78.55571,93.90564,200.356674,856.852356,121.54731,422.929596,407.185089
2016-04-20,114.708313,87.740402,244.002609,79.480217,94.376862,209.437363,848.818115,120.88105,421.86496,418.880341
2016-04-27,115.243584,88.054619,238.526474,76.834854,91.91983,202.790314,844.075073,120.922714,414.50119,409.484161
2016-05-04,111.282578,94.629112,231.887512,75.736427,94.679779,206.967407,869.581116,118.132843,428.252869,388.792542
2016-05-11,112.540443,92.792122,236.375992,74.628838,92.22274,206.204651,938.598022,120.672844,429.228699,389.542236
2016-05-18,110.613472,89.649902,224.035843,72.651665,93.232483,203.080887,925.627075,122.171906,426.079163,388.942474
2016-05-25,112.808098,89.541138,245.177872,76.175781,96.362686,211.689362,953.311035,124.920151,479.400055,459.463898
2016-06-01,113.985664,90.507973,244.115204,76.679222,99.930428,223.603271,999.677185,124.836868,475.806854,462.862518
2016-06-08,113.905388,90.181656,251.567856,75.800484,99.795792,224.366074,954.908264,125.378189,473.145233,448.218475
2016-06-15,116.447929,92.465797,255.984222,75.553352,102.185501,227.380875,950.60083,129.916977,474.653503,484.703674
2016-06-22,113.129227,91.100159,266.93634,79.626678,99.62751,227.59877,953.873718,129.458908,444.488647,440.22171
2016-06-29,123.513489,93.432648,278.675232,87.37973,102.724022,233.88266,958.641968,134.289154,457.131287,460.713409
2016-07-06,121.987961,91.426468,284.411377,87.260735,106.561043,230.322983,993.042664,138.744659,449.989319,484.103912
2016-07-13,118.294594,93.239281,290.439545,90.354607,105.1474,231.703278,1003.017334,138.578079,450.344208,499.047882
2016-07-20,120.087746,93.203026,298.663116,97.540161,106.426407,237.878128,1032.260376,142.742096,445.819458,503.25
2016-07-27,118.348114,90.943039,294.094482,101.659248,107.267853,234.681717,1093.178955,148.988098,442.891693,493.299988
2016-08-03,122.576759,91.668175,302.368835,103.535721,107.604416,244.924774,1115.707275,146.656265,451.18808,513.799988
2016-08-10,125.895439,89.794922,302.749542,99.691246,108.614174,245.396973,1099.309814,147.822159,433.634399,507.600006
2016-08-17,127.608284,88.695152,292.444672,99.581406,107.032257,244.561523,1096.001221,151.694672,418.235657,504
2016-08-24,129.37468,93.468903,308.764954,105.000275,108.883438,243.108627,1115.415161,152.65242,415.676666,529
2016-08-31,127.688591,97.4571,303.866333,104.936218,110.095108,238.895187,1171.808716,155.400681,431.030487,588.700012
2016-09-07,136.183884,93.420563,287.266907,102.74617,102.892311,240.05751,1123.589722,150.11235,416.484772,553.450012
2016-09-14,139.846191,93.780624,297.343262,106.007217,104.395531,239.185776,1133.758911,149.544113,415.003265,548.450012
2016-09-21,134.312042,90.857979,310.033936,108.822304,103.578865,241.728378,1160.520386,147.948761,402.11853,531.950012
2016-09-28,148.418716,98.018478,323.587616,113.839325,103.612907,233.265167,1160.520386,151.979126,384.924042,549.950012
2016-10-05,144.837784,102.073654,333.917847,117.843597,99.801849,231.666977,1180.080566,149.502121,378.773499,562.049988
2016-10-12,150.019287,104.484856,333.384888,119.553108,100.720596,227.05394,1142.954956,148.116669,381.691681,554.25
2016-10-19,156.66571,105.958359,347.953857,121.485565,103.442757,232.211792,1109.138428,149.754028,389.727692,553.799988
2016-10-26,156.882751,105.300751,343.23288,120.835213,105.48439,239.766937,1047.78186,148.536499,389.278748,530.599976
2016-11-02,146.818161,106.944748,335.313873,118.345345,104.905937,230.322983,1031.164917,148.620483,407.775269,540.200012
2016-11-09,151.998032,106.165375,326.709625,106.211617,102.183762,227.853043,869.027161,155.295807,386.944305,457.399994
2016-11-16,153.26651,100.965485,325.338959,110.188049,104.87191,220.40686,885.562927,154.288208,407.101837,464.850006
2016-11-23,157.071976,104.241295,326.811127,111.005623,110.928741,224.039154,935.121399,159.07431,434.442474,459.850006
2016-11-30,164.76564,105.069389,311.150757,109.872162,110.996826,222.077713,911.317749,153.574493,417.921387,441.100006
2016-12-07,172.073242,103.486275,319.120575,111.860367,112.153732,222.259323,884.587402,155.547714,435.070984,470.649994
2016-12-14,165.330963,104.691872,310.693909,112.343498,110.146118,211.108231,844.54071,152.77681,428.067474,473.149994
2016-12-21,157.430481,103.279251,312.470581,117.917938,109.159332,209.909576,854.588989,152.021118,420.390564,466.950012
2016-12-28,159.250473,107.517105,330.23764,128.304993,112.596085,221.787109,874.685486,157.898758,441.356232,481.100006
2017-01-04,164.17276,107.334435,335.186981,128.843826,110.452377,218.372787,901.025513,156.639267,425.149353,516.25
2017-01-11,161.153198,108.527855,337.547424,130.479019,119.571671,223.02211,936.68219,166.043503,437.046356,523.700012
2017-01-18,166.778702,115.578766,346.405548,136.313599,117.29184,224.801956,949.657104,170.745621,421.916962,541.549988
2017-01-25,167.56459,114.020004,346.024841,136.164932,117.29184,224.620316,946.974304,173.978348,406.024384,523.549988
2017-02-01,159.912292,115.980621,363.791809,145.585709,117.7342,228.870071,974.875305,167.848785,422.769928,506.799988
2017-02-08,163.749176,122.822037,351.304108,139.13797,116.271027,232.611343,956.827454,168.646469,453.073608,482.049988
2017-02-15,164.209412,129.899582,357.34494,150.554245,117.393936,232.175446,967.265991,173.09668,456.036682,458.649994
2017-02-22,161.950226,128.139481,340.136353,148.149551,112.615112,233.846313,999.166687,162.146286,448.404602,456.75
2017-03-01,164.33493,130.122711,337.167419,145.70636,108.779488,234.500107,998.922852,164.171555,448.898468,467.549988
2017-03-08,160.56958,124.214363,332.364929,143.897995,110.299904,214.268326,1045.213135,163.412048,430.850952,469.75
2017-03-15,162.368607,122.396446,335.079407,143.167007,112.062225,225.685318,1042.578979,163.074539,428.247101,473.75
2017-03-22,156.385925,123.883827,337.193512,141.9935,113.962746,224.218063,1031.994141,165.985794,409.166992,472.399994
2017-03-29,155.4655,127.17263,339.471191,148.421555,113.78997,227.80896,1063.212036,165.563889,406.832458,470.399994
2017-04-05,157.180832,127.17263,377.757385,159.461182,115.414055,223.098328,1046.286011,168.053253,399.739197,472.25
2017-04-12,151.407349,130.41188,385.095612,167.774979,111.751228,215.646271,1015.019592,170.753586,376.124725,443.700012
2017-04-19,151.867554,136.014404,393.151642,169.975098,114.34285,214.912659,1071.06543,176.027664,393.409058,445.649994
2017-04-26,160.987976,141.964005,393.417572,172.525696,112.027664,212.016769,1084.918091,173.833649,375.451355,451.25
2017-05-03,155.716522,139.4189,383.606689,171.630066,111.440216,214.796799,1136.817993,175.816696,382.679321,426.799988
2017-05-10,154.921631,135.981354,389.93457,173.908096,110.541794,213.097916,1114.916748,175.01503,398.437256,437.25
2017-05-17,146.13591,125.718292,371.987885,165.204895,108.468483,206.842819,1072.040894,169.951904,373.296417,450.5
2017-05-24,149.482849,134.014679,392.832642,163.374695,111.440216,206.72699,1131.11084,172.230316,348.649384,481.299988
2017-05-31,143.458344,131.84967,385.813477,165.341202,109.26326,202.5569,1124.964966,171.681839,366.921356,461
2017-06-07,141.492035,126.16452,371.695404,163.452576,110.576347,200.047134,1121.599243,177.419998,353.228607,449.549988
2017-06-14,141.492035,124.016052,353.976349,160.317886,109.850685,195.799881,1121.355469,175.77449,354.081604,467.399994
2017-06-21,133.835907,118.892776,325.913849,152.02356,109.125031,188.695313,1108.357666,173.622665,341.286774,442.299988
2017-06-28,133.794037,120.7603,349.956024,148.694153,109.228691,190.548676,1083.339844,177.799744,339.131805,426.899994
2017-07-05,134.086914,120.06617,361.191681,150.894287,112.856987,196.533493,1106.012085,178.854568,345.865997,456.950012
2017-07-12,135.300201,125.288605,374.291046,144.916931,115.794174,191.900085,1120.524414,181.765869,351.343048,456.149994
2017-07-19,136.638962,123.404572,372.933197,145.948853,113.271637,199.467972,1123.944824,183.116013,351.163483,456.100006
2017-07-26,140.069565,123.569839,387.86969,144.216019,114.17009,194.178177,1122.088013,189.360519,361.354523,446.899994
2017-08-02,137.224655,127.833702,403.405243,160.921463,118.282143,189.235886,1121.257324,188.094742,366.044678,430
2017-08-09,135.300201,123.123604,382.078827,163.33577,118.696785,183.907455,1127.756104,187.968185,369.675262,375.399994
2017-08-16,133.417511,124.85891,407.63858,164.796036,115.897835,185.760834,1103.764404,185.225662,403.821045,373.600006
2017-08-23,131.576691,125.272064,402.646454,169.594147,116.381599,183.984695,1125.508423,181.681503,396.835663,376.100006
2017-08-30,136.220581,125.172905,430.72229,168.559784,117.141823,196.03154,1178.915405,182.440933,393.250977,388.149994
2017-09-06,135.802231,136.352661,426.409027,169.750244,117.729256,198.888794,1227.778442,181.681503,405.705261,388.25
2017-09-13,138.814453,140.097717,404.882935,163.270935,118.306862,199.661026,1224.797852,185.054703,411.541718,423.649994
2017-09-20,143.416489,132.757462,374.810211,155.99147,116.87178,201.089676,1147.30127,180.682327,411.174103,411.25
2017-09-27,143.473389,144.941299,382.47818,158.684662,117.886833,210.047592,1122.674438,176.738586,425.834259,416
2017-10-04,143.221161,148.003906,385.233856,160.363068,122.85714,220.588562,1136.551514,175.538345,428.591644,423.600006
2017-10-11,143.935806,145.590439,409.555542,161.553528,123.137146,223.986389,1169.924805,175.666931,434.749878,432.299988
2017-10-18,147.97139,147.88739,407.079468,159.13356,127.162384,223.716095,1195.089355,184.368851,418.021606,416.049988
2017-10-25,160.666656,154.861481,432.599335,162.17804,126.882355,221.20636,1153.995483,181.625412,443.068024,428.399994
2017-11-01,162.936676,154.295578,416.464752,156.206161,124.887245,219.81633,1117.996704,178.024597,432.452026,451.850006
2017-11-08,155.497208,151.815536,393.820343,151.034393,123.942192,211.70787,1131.317383,177.424484,448.444946,414.299988
2017-11-15,154.557404,153.113815,408.557129,154.625336,128.072403,211.437607,1136.459595,177.124405,453.913818,424.25
2017-11-22,154.856415,153.962662,405.442017,152.459091,127.967422,211.86232,1146.939697,178.624725,459.29071,415.950012
2017-11-29,152.421448,153.846161,400.090485,152.420044,123.977173,204.834991,1092.090332,171.723236,427.764435,402.25
2017-12-06,156.60791,163.74971,398.532928,154.215515,123.137146,203.406372,1094.440918,173.952271,460.669434,406.850006
2017-12-13,158.231216,165.297653,425.77002,159.992249,126.042336,206.649765,1114.323853,173.695099,455.29248,420.100006
2017-12-20,165.493454,169.658569,430.442688,160.01178,124.922241,203.676636,1127.105835,173.566467,453.500153,424.200012
2017-12-27,168.184769,164.565308,399.211853,150.819717,125.237267,208.541702,1119.270264,172.109039,472.388367,439.299988
2018-01-03,168.312912,166.762375,396.2565,153.161636,123.697182,234.797668,1168.536743,172.323349,490.679047,437.549988
2018-01-10,168.48378,159.255676,382.957428,149.941498,121.282036,225.18338,1164.325073,168.208176,512.554504,421.899994
2018-01-17,177.155731,156.725677,384.315308,151.990677,120.897026,226.341705,1145.862427,167.908096,540.679932,418
2018-01-24,174.977081,161.053879,387.86969,162.470779,119.216919,236.226273,1103.549927,167.13652,554.191223,395.850006
2018-01-31,158.444809,153.104355,373.172852,156.635498,115.716705,224.218063,1087.43811,167.13652,557.637939,375.450012
2018-02-07,163.186646,157.298996,373.452423,147.950851,115.436691,232.172073,1120.88623,170.180023,542.610107,371.799988
2018-02-14,159.769104,157.349731,361.870575,150.139313,116.876915,239.701355,1103.256226,169.301056,527.766052,369.299988
2018-02-21,161.050674,154.609711,341.023407,154.582886,117.837868,238.620224,1087.535889,171.688629,561.176636,372.549988
2018-02-28,158.4021,148.82515,367.083374,156.528229,116.271904,237.075745,1078.96582,167.694855,567.334717,346.5
2018-03-07,156.864227,154.237595,384.769653,167.033051,120.578293,227.6931,1116.870605,169.344467,569.081116,353.149994
2018-03-14,150.590591,148.334656,350.345276,142.398895,118.442879,208.696152,1083.764771,169.214233,582.178772,338.799988
2018-03-21,155.347885,144.760162,346.923492,143.218002,121.752731,225.904953,1107.859375,170.12587,571.379028,331.149994
2018-03-28,153.531479,148.729248,351.458374,142.644623,120.542679,228.15419,1128.427979,172.383209,566.139893,343.100006
2018-04-04,155.866852,149.721558,371.98938,146.862946,119.866478,229.749084,1132.982544,170.99408,575.790833,353.25
2018-04-11,156.385834,146.880005,338.595642,136.951935,125.952324,235.229034,1151.837036,177.896332,614.256409,336.450012
2018-04-18,157.986038,152.33757,316.37439,133.552734,123.033997,237.600967,1146.058105,179.242065,627.492065,331.549988
2018-04-25,156.169601,146.631958,319.383972,132.9384,122.535713,233.102478,1177.008911,180.457565,616.370483,340.399994
2018-05-02,158.37529,154.186813,323.712799,136.419525,122.001854,219.320801,1185.040527,184.711777,600.515503,332.149994
2018-05-09,163.478561,153.104324,334.596649,136.951935,121.07653,215.517563,1287.638184,185.66684,616.416504,310.100006
2018-05-16,160.191696,147.939957,327.835419,131.464035,117.553162,228.235962,1260.409302,182.975372,630.892883,307.700012
2018-05-23,151.844788,154.682938,334.225586,141.252167,118.122604,230.935043,1272.799438,179.719589,623.03418,294.649994
2018-05-30,148.082169,150.961899,334.225586,142.480804,114.812744,233.306976,1247.431641,172.643677,644.541992,284.950012
2018-06-06,148.255142,154.840805,342.264801,142.644623,114.812744,231.916519,1261.242065,169.344467,651.75708,307.799988
2018-06-13,142.546387,154.592743,341.028046,138.098679,111.146973,223.24678,1243.121948,172.513443,639.486694,305.049988
2018-06-20,136.924133,154.141693,342.388519,136.624313,110.755501,216.867096,1254.310059,165.611145,632.225525,276.850006
2018-06-27,136.405136,155.742889,308.293945,127.204765,110.328415,213.350128,1271.285522,160.228256,607.408936,269.450012
2018-07-04,136.621353,164.154724,309.407043,127.163803,109.545433,227.745224,1348.634277,159.794144,598.125732,275.450012
2018-07-11,135.064407,161.786758,323.753998,134.699448,110.541954,216.539948,1354.341919,157.536819,594.495178,257.950012
2018-07-18,135.972656,164.98912,327.29953,135.108978,112.072311,218.093964,1444.385498,154.324402,589.623718,258.799988
2018-07-25,143.324844,169.206314,321.362823,134.617554,110.221649,213.554596,1428.295898,158.27478,625.699707,264.100006
2018-08-01,144.925049,169.003357,324.949615,136.501434,113.06884,225.250595,1401.577881,164.178619,619.209595,251.600006
2018-08-08,143.800583,171.303619,310.561401,131.627853,111.680824,231.18042,1372.891968,163.136765,632.41626,248.800003
2018-08-15,147.217194,170.53688,304.047607,129.170578,114.492424,238.337067,1380.961426,162.832886,666.819397,268.799988
2018-08-22,151.023071,164.290024,295.637329,129.026947,119.795303,241.036163,1385.094727,171.167709,691.916809,260
2018-08-29,150.806808,162.125061,289.659393,126.455513,119.652946,228.685837,1290.426025,168.823547,718.048096,261.950012
2018-09-05,145.141281,168.51358,284.209686,125.003914,120.8274,231.548477,1277.189941,162.268555,702.350525,267.299988
2018-09-12,150.417572,169.713547,298.54422,126.579948,122.535561,223.451233,1271.531494,175.193665,709.400391,251.5
2018-09-19,157.683289,167.494766,306.194885,127.865646,122.752174,225.12793,1269.366577,169.644562,713.207275,240.800003
2018-09-26,156.040253,172.520966,309.683899,127.699753,122.463348,223.124039,1259.427246,169.468399,713.959229,229.350006
2018-10-03,127.839684,151.012451,216.236465,101.736763,116.75898,224.064651,1182.275269,164.315643,654.317688,184.350006
2018-10-10,144.359039,159.525299,253.985352,112.354202,118.383644,226.068512,1247.421509,164.888153,675.561218,185.850006
2018-10-17,135.467361,153.955734,226.619476,107.833504,119.141815,226.845551,1120.327393,168.191208,628.139404,170.649994
2018-10-24,133.331604,163.125137,223.929153,113.059273,115.098213,225.618683,1177.256714,163.963303,643.977966,177.25
2018-10-31,136.033981,169.872025,239.692886,113.930237,111.307335,217.48053,1221.710083,165.680908,652.860718,193.25
2018-11-07,136.42627,165.434479,254.868149,117.289658,113.22084,217.19426,1267.481079,162.113617,684.349976,179.5
2018-11-14,133.462357,155.789597,271.472626,115.34037,107.696983,213.840881,1289.133545,165.945129,667.101318,183.75
2018-11-21,127.360245,157.28389,282.065857,114.842674,105.241936,206.029892,1321.439575,160.792389,652.484741,180.050003
2018-11-28,127.403809,160.453552,280.552521,112.520096,103.40065,206.316162,1311.42688,164.932205,680.120056,175.75
2018-12-05,120.386383,150.582275,274.709412,109.450989,99.176537,198.01442,1305.656372,158.810562,653.565735,158.100006
2018-12-12,128.667831,160.521484,296.988831,120.068459,106.649979,205.988998,1337.321289,172.947632,666.443359,174.75
2018-12-19,128.929337,157.442368,306.825409,112.022415,105.711288,203.085434,1338.652954,170.833633,656.009705,172.5
2018-12-26,131.195847,161.336548,304.261139,120.11927,108.202431,198.178024,1347.481689,173.564194,671.143311,170.850006
