Date,Open,High,Low,Close,ind
31-December-2018,36239.19,36285.46,36033.95,36068.33,1237
28-December-2018,35911.99,36194.78,35911.99,36076.72,1236
27-December-2018,36002.11,36041.24,35781.95,35807.28,1235
26-December-2018,35443.16,35711.26,35010.82,35649.94,1234
24-December-2018,35859.66,35910.67,35423.24,35470.15,1233
21-December-2018,36449.27,36483.49,35694.74,35742.07,1232
20-December-2018,36321.18,36475.52,36202.9,36431.67,1231
19-December-2018,36441.46,36554.99,36381.87,36484.33,1230
18-December-2018,36226.38,36375.38,36046.52,36347.08,1229
17-December-2018,36129.13,36312.31,36123.62,36270.07,1228
14-December-2018,35960.19,36019.02,35813.85,35962.93,1227
13-December-2018,36024.88,36095.56,35794.51,35929.64,1226
12-December-2018,35277.84,35826.58,35167.47,35779.07,1225
11-December-2018,34584.13,35207.33,34426.29,35150.01,1224
10-December-2018,35204.66,35246.97,34915.77,34959.72,1223
7-December-2018,35494.86,35730.05,35378.27,35673.25,1222
6-December-2018,35694.25,35707.23,35266.76,35312.13,1221
5-December-2018,36035.65,36048.65,35777.81,35884.41,1220
4-December-2018,36290.48,36295.84,36036.39,36134.31,1219
3-December-2018,36396.69,36446.16,36099.68,36241,1218
30-November-2018,36304.43,36389.22,36082.97,36194.3,1217
29-November-2018,35997.29,36253.85,35946.24,36170.41,1216
28-November-2018,35635.52,35822.16,35605.34,35716.95,1215
27-November-2018,35394.77,35555.16,35262.97,35513.14,1214
26-November-2018,35118.09,35397.24,34896.07,35354.08,1213
22-November-2018,35282.33,35364.5,34937.98,34981.02,1212
21-November-2018,35492.62,35494.25,35112.49,35199.8,1211
20-November-2018,35730.77,35731.67,35416.18,35474.51,1210
19-November-2018,35647.62,35818.83,35511.1,35774.88,1209
16-November-2018,35398.7,35545.85,35324.37,35457.16,1208
15-November-2018,35145.75,35402,35118.42,35260.54,1207
14-November-2018,35330.14,35351.88,34986.86,35141.99,1206
13-November-2018,34846.19,35187.75,34672.2,35144.49,1205
12-November-2018,35287.49,35333.22,34756.8,34812.99,1204
9-November-2018,35258.13,35287.29,35011.23,35158.55,1203
7-November-2018,35301.88,35302.25,35183.17,35237.68,1202
6-November-2018,35076.24,35196.03,34889.72,34991.91,1201
5-November-2018,35118.62,35123.41,34811.6,34950.92,1200
2-November-2018,34743.95,35190.2,34649.8,35011.65,1199
1-November-2018,34650.63,34679.93,34303.38,34431.97,1198
31-October-2018,33963.09,34463.38,33587.24,34442.05,1197
30-October-2018,34068.92,34176.36,33799.79,33891.13,1196
29-October-2018,33549.88,34154.6,33341.8,34067.4,1195
26-October-2018,33776.8,33776.8,33291.58,33349.31,1194
25-October-2018,33778.6,33838.76,33553.18,33690.09,1193
24-October-2018,34203.7,34300.97,33726.07,34033.96,1192
23-October-2018,33935.88,34073.92,33742.75,33847.23,1191
22-October-2018,34689.39,34748.69,34082.76,34134.38,1190
19-October-2018,34563.29,34563.29,34140.32,34315.63,1189
17-October-2018,35543.38,35605.43,34727.16,34779.58,1188
16-October-2018,35004.33,35215.79,34913.06,35162.48,1187
15-October-2018,34971.83,35008.65,34559.98,34865.1,1186
12-October-2018,34291.92,34808.42,34279.78,34733.58,1185
11-October-2018,34063.82,34325.18,33723.53,34001.15,1184
10-October-2018,34493.21,34858.35,34346.5,34760.89,1183
9-October-2018,34651.82,34711.68,34233.5,34299.47,1182
8-October-2018,34412.36,34636.43,33974.66,34474.38,1181
5-October-2018,35097.99,35118.54,34202.22,34376.99,1180
4-October-2018,35820.53,35820.53,35022.12,35169.16,1179
3-October-2018,36602.85,36602.85,35911.82,35975.63,1178
1-October-2018,36274.25,36616.64,35960.65,36526.14,1177
28-September-2018,36452.74,36551.86,35985.63,36227.14,1176
27-September-2018,36691.93,36711.62,36238.23,36324.17,1175
26-September-2018,36936.64,36938.74,36357.93,36542.27,1174
25-September-2018,36350.25,36705.79,36064.1,36652.06,1173
24-September-2018,36924.72,36945.5,36216.95,36305.02,1172
21-September-2018,37278.89,37489.24,35993.64,36841.6,1171
19-September-2018,37432.93,37530.63,37062.69,37121.22,1170
18-September-2018,37660.19,37745.44,37242.85,37290.67,1169
17-September-2018,38027.81,38027.81,37548.93,37585.51,1168
14-September-2018,37939.29,38125.62,37859.52,38090.64,1167
12-September-2018,37546.42,37752.58,37342,37717.96,1166
11-September-2018,38017.49,38043.27,37361.2,37413.13,1165
10-September-2018,38348.39,38354.52,37882.83,37922.17,1164
7-September-2018,38314.55,38421.56,38067.22,38389.82,1163
6-September-2018,38161.85,38320.96,37912.5,38242.81,1162
5-September-2018,38192.95,38250.61,37774.42,38018.31,1161
4-September-2018,38460.96,38518.56,38098.6,38157.92,1160
3-September-2018,38915.91,38934.35,38270.01,38312.52,1159
31-August-2018,38704.84,38838.45,38562.21,38645.07,1158
30-August-2018,38796.98,38819.06,38581.83,38690.1,1157
29-August-2018,38989.65,38989.65,38679.57,38722.93,1156
28-August-2018,38814.76,38938.91,38760.58,38896.63,1155
27-August-2018,38472.03,38736.88,38416.73,38694.11,1154
24-August-2018,38366.79,38429.5,38172.77,38251.8,1153
23-August-2018,38416.65,38487.63,38227.36,38336.76,1152
21-August-2018,38360.32,38402.96,38213.87,38285.75,1151
20-August-2018,38075.07,38340.69,38050.69,38278.75,1150
17-August-2018,37898.6,38022.32,37840.16,37947.88,1149
16-August-2018,37796.01,37891.92,37634.13,37663.56,1148
14-August-2018,37749.59,37932.4,37689.71,37852,1147
13-August-2018,37693.19,37799.54,37559.26,37644.9,1146
10-August-2018,38050.07,38051.45,37815.75,37869.23,1145
9-August-2018,37994.51,38076.23,37939.28,38024.37,1144
8-August-2018,37756.24,37931.42,37641.4,37887.56,1143
7-August-2018,37849.21,37876.87,37586.88,37665.8,1142
6-August-2018,37714.7,37805.25,37643.29,37691.89,1141
3-August-2018,37327.16,37582.27,37319.61,37556.16,1140
2-August-2018,37529.69,37529.69,37128.99,37165.16,1139
1-August-2018,37643.87,37711.87,37432.91,37521.62,1138
31-July-2018,37534.95,37644.59,37298.75,37606.58,1137
30-July-2018,37491.39,37533.5,37292.45,37494.4,1136
27-July-2018,37253.86,37368.62,37134.88,37336.85,1135
26-July-2018,36928.38,37061.62,36852.53,36984.64,1134
25-July-2018,36928.06,36947.18,36803.15,36858.23,1133
24-July-2018,36859.39,36902.06,36709.72,36825.1,1132
23-July-2018,36501.05,36749.69,36491.83,36718.6,1131
20-July-2018,36377.03,36567.34,36335.61,36496.37,1130
19-July-2018,36509.08,36515.58,36279.33,36351.23,1129
18-July-2018,36722.41,36747.87,36320.92,36373.44,1128
17-July-2018,36390.99,36549.55,36261.78,36519.96,1127
16-July-2018,36658.71,36658.71,36298.94,36323.77,1126
13-July-2018,36635.14,36740.07,36501.61,36541.63,1125
12-July-2018,36424.23,36699.53,36422.08,36548.41,1124
11-July-2018,36299.26,36362.3,36169.7,36265.93,1123
10-July-2018,36068.27,36274.33,36019.63,36239.62,1122
9-July-2018,35835.1,35977.37,35779.72,35934.72,1121
6-July-2018,35543.66,35799.71,35532.21,35657.86,1120
5-July-2018,35703.17,35748.26,35517.79,35574.55,1119
4-July-2018,35385.52,35667.31,35309.67,35645.4,1118
3-July-2018,35344.21,35445.21,35195.63,35378.6,1117
2-July-2018,35545.22,35578.24,35106.57,35264.41,1116
29-June-2018,35128.16,35459.05,35099.65,35423.48,1115
28-June-2018,35207.19,35282.4,34937.15,35037.64,1114
27-June-2018,35543.89,35618.85,35154.21,35217.11,1113
26-June-2018,35355.72,35616.64,35338.09,35490.04,1112
25-June-2018,35783.75,35806.97,35430.11,35470.35,1111
22-June-2018,35428.42,35741.26,35344.49,35689.6,1110
21-June-2018,35644.05,35678.69,35396.97,35432.39,1109
20-June-2018,35329.61,35571.37,35329.51,35547.33,1108
19-June-2018,35552.47,35552.47,35249.06,35286.74,1107
18-June-2018,35698.43,35721.55,35518.73,35548.26,1106
15-June-2018,35656.26,35675.2,35419.68,35622.14,1105
14-June-2018,35743.1,35749.88,35488.55,35599.82,1104
13-June-2018,35835.44,35877.41,35715.96,35739.16,1103
12-June-2018,35525.3,35743.08,35479.07,35692.52,1102
11-June-2018,35472.59,35704.84,35444.49,35483.47,1101
8-June-2018,35406.47,35484.94,35260,35443.67,1100
7-June-2018,35278.38,35628.49,35278.38,35463.08,1099
6-June-2018,34932.49,35230.54,34896.37,35178.88,1098
5-June-2018,35029.45,35073.12,34784.68,34903.21,1097
4-June-2018,35503.24,35555.59,34982.25,35011.89,1096
1-June-2018,35373.98,35438.22,35177.35,35227.26,1095
31-May-2018,35083.81,35416.03,34926.08,35322.38,1094
30-May-2018,34876.13,35017.45,34735.11,34906.11,1093
29-May-2018,35213.14,35234.14,34922.18,34949.24,1092
28-May-2018,35074.32,35240.96,35006.5,35165.48,1091
25-May-2018,34753.47,35017.93,34700.52,34924.87,1090
24-May-2018,34404.14,34741.46,34367.83,34663.11,1089
23-May-2018,34656.63,34668.47,34302.89,34344.91,1088
22-May-2018,34601.49,34754.6,34550.22,34651.24,1087
21-May-2018,34873.16,34973.95,34593.82,34616.13,1086
18-May-2018,35143.59,35163.11,34821.62,34848.3,1085
17-May-2018,35483.62,35510.01,35087.82,35149.12,1084
16-May-2018,35452.35,35543.89,35241.63,35387.88,1083
15-May-2018,35537.85,35993.53,35497.92,35543.94,1082
14-May-2018,35555.83,35642.72,35456.56,35556.71,1081
11-May-2018,35287.99,35596.15,35262.06,35535.79,1080
10-May-2018,35353.96,35500.76,35203.85,35246.27,1079
9-May-2018,35198.08,35404.83,35134.2,35319.35,1078
8-May-2018,35349.85,35388.87,35136.01,35216.32,1077
7-May-2018,34983.59,35259.81,34977.74,35208.14,1076
4-May-2018,35144.96,35206.55,34847.61,34915.38,1075
3-May-2018,35257.31,35257.31,35020.08,35103.14,1074
2-May-2018,35328.91,35357.15,35072.42,35176.42,1073
30-April-2018,35021.2,35213.3,35004,35160.36,1072
27-April-2018,34747.04,35065.37,34744.73,34969.7,1071
26-April-2018,34532.95,34747.97,34505.62,34713.6,1070
25-April-2018,34593.17,34631.27,34400.56,34501.27,1069
24-April-2018,34491.38,34706.71,34465.49,34616.64,1068
23-April-2018,34493.69,34663.95,34259.27,34450.77,1067
20-April-2018,34434.14,34487.33,34311.29,34415.58,1066
19-April-2018,34403.67,34478.82,34358.91,34427.29,1065
18-April-2018,34443.42,34591.81,34270.04,34331.68,1064
17-April-2018,34381.8,34434.14,34229.83,34395.06,1063
16-April-2018,33944.73,34341.46,33899.34,34305.43,1062
13-April-2018,34167.53,34313.14,34103.53,34192.65,1061
12-April-2018,33987.55,34177.44,33924.88,34101.13,1060
11-April-2018,33970.35,33981.54,33750.74,33940.44,1059
10-April-2018,33880.11,33949.98,33813.3,33880.25,1058
9-April-2018,33653.61,33846.5,33578.91,33788.54,1057
6-April-2018,33608.59,33697.51,33501.37,33626.97,1056
5-April-2018,33289.96,33637.46,33267.86,33596.8,1055
4-April-2018,33437.52,33505.53,32972.56,33019.07,1054
3-April-2018,33197.42,33402.94,33153.83,33370.63,1053
2-April-2018,33030.87,33289.34,32997.88,33255.36,1052
28-March-2018,33098.09,33104.11,32917.66,32968.68,1051
27-March-2018,33172.98,33371.04,33077.13,33174.39,1050
26-March-2018,32536.44,33115.41,32515.17,33066.41,1049
23-March-2018,32650.89,32720.03,32483.84,32596.54,1048
22-March-2018,33206.99,33281.77,32963.31,33006.27,1047
21-March-2018,33090.82,33354.93,33070.53,33136.18,1046
20-March-2018,32876.48,33102.74,32810.86,32996.76,1045
19-March-2018,33268.97,33275.79,32856.54,32923.12,1044
16-March-2018,33685.86,33691.32,33119.92,33176,1043
15-March-2018,33843.47,33866.28,33637.28,33685.54,1042
14-March-2018,33733.55,33875.15,33580.69,33835.74,1041
13-March-2018,33818.22,34077.32,33722.96,33856.78,1040
12-March-2018,33468.16,33962.48,33468.16,33917.94,1039
9-March-2018,33465.05,33519.49,33256.42,33307.14,1038
8-March-2018,33244.52,33439.97,33037.48,33351.57,1037
7-March-2018,33279.39,33331.21,32991.14,33033.09,1036
6-March-2018,34047.43,34060.13,33209.76,33317.2,1035
5-March-2018,34034.28,34034.28,33653.41,33746.78,1034
1-March-2018,34141.22,34278.63,34015.79,34046.94,1033
28-February-2018,34155.63,34302.74,34076.45,34184.04,1032
27-February-2018,34558.56,34610.79,34314.87,34346.39,1031
26-February-2018,34225.72,34483.39,34225.72,34445.75,1030
23-February-2018,33832,34167.6,33832,34142.15,1029
22-February-2018,33817.09,33868.74,33691.42,33819.5,1028
21-February-2018,33813.83,33911.36,33702.5,33844.86,1027
20-February-2018,33913.94,33960.95,33657.89,33703.59,1026
19-February-2018,34053.95,34122.96,33554.37,33774.66,1025
16-February-2018,34411.24,34508.24,33957.33,34010.76,1024
15-February-2018,34207.57,34535.08,34186.01,34297.47,1023
14-February-2018,34436.98,34473.43,34028.68,34155.95,1022
12-February-2018,34203.34,34351.34,34115.12,34300.47,1021
9-February-2018,34002.45,34070.73,33849.65,34005.76,1020
8-February-2018,34208.11,34634.35,34108.76,34413.16,1019
7-February-2018,34563.3,34666.33,34008.42,34082.71,1018
6-February-2018,33753.78,34521.01,33482.81,34195.94,1017
5-February-2018,34718.85,34874.17,34520.8,34757.16,1016
2-February-2018,35707.6,35738.13,35006.41,35066.75,1015
1-February-2018,36048.99,36256.83,35501.74,35906.66,1014
31-January-2018,35951.64,36050.69,35818.41,35965.02,1013
30-January-2018,36277.12,36291.82,35993.41,36033.73,1012
29-January-2018,36106.36,36443.98,36093.36,36283.25,1011
25-January-2018,36208.39,36247.02,35823.35,36050.44,1010
24-January-2018,36161.62,36268.19,36036.51,36161.64,1009
23-January-2018,35868.19,36170.83,35863.98,36139.98,1008
22-January-2018,35613.97,35827.7,35544.68,35798.01,1007
19-January-2018,35339.11,35542.17,35221.16,35511.58,1006
18-January-2018,35366.45,35507.36,35166.44,35260.29,1005
17-January-2018,34753.8,35118.61,34700.82,35081.82,1004
16-January-2018,34877.71,34936.03,34735.55,34771.05,1003
15-January-2018,34687.21,34963.69,34687.21,34843.51,1002
12-January-2018,34578.99,34638.42,34342.16,34592.39,1001
11-January-2018,34471.48,34558.88,34400.61,34503.49,1000
10-January-2018,34538.78,34565.63,34311.63,34433.07,999
9-January-2018,34431.61,34488.03,34343.41,34443.19,998
8-January-2018,34216.33,34385.67,34216.33,34352.79,997
5-January-2018,34021.27,34188.85,34020.84,34153.85,996
4-January-2018,33912.49,33995.4,33802.13,33969.64,995
3-January-2018,33929.61,33998.37,33765.43,33793.38,994
2-January-2018,33913.55,33964.14,33703.37,33812.26,993
1-January-2018,34059.99,34101.13,33766.15,33812.75,992
29-December-2017,33889.39,34086.05,33889.39,34056.83,991
28-December-2017,33928.86,34023.65,33752.03,33848.03,990
27-December-2017,34087.32,34137.97,33839.51,33911.81,989
26-December-2017,33980.76,34061.88,33889.75,34010.61,988
22-December-2017,33768.47,33964.28,33767.73,33940.3,987
21-December-2017,33826.25,33860.99,33707.8,33756.28,986
20-December-2017,33928.59,33956.31,33754.94,33777.38,985
19-December-2017,33732.08,33862.07,33666.62,33836.74,984
18-December-2017,33364.52,33801.9,32595.63,33601.68,983
15-December-2017,33456.02,33621.96,33405.82,33462.97,982
14-December-2017,33114.69,33321.52,32886.93,33246.7,981
13-December-2017,33229.73,33404.26,32988.82,33053.04,980
12-December-2017,33426.59,33458.41,33179.75,33227.99,979
11-December-2017,33317.72,33535.97,33313.17,33455.79,978
8-December-2017,33034.2,33285.68,33034.2,33250.3,977
7-December-2017,32615.05,32992.45,32598.12,32949.21,976
6-December-2017,32798.5,32804.75,32565.16,32597.18,975
5-December-2017,32814.03,32893.05,32682.52,32802.44,974
4-December-2017,32968.02,33008.47,32785.76,32869.72,973
1-December-2017,33247.66,33300.81,32797.78,32832.94,972
30-November-2017,33542.5,33576.2,33108.72,33149.35,971
29-November-2017,33664.27,33728.81,33553.12,33602.76,970
28-November-2017,33726.65,33770.15,33576.65,33618.59,969
27-November-2017,33640.51,33745.17,33540.46,33724.44,968
24-November-2017,33670,33738.53,33639.98,33679.24,967
23-November-2017,33575.91,33670.19,33468.3,33588.08,966
22-November-2017,33569.07,33654.53,33465.23,33561.55,965
21-November-2017,33438.28,33625.05,33437.61,33478.35,964
20-November-2017,33365.84,33449.53,33288.21,33359.9,963
17-November-2017,33388.47,33520.82,33278.91,33342.8,962
16-November-2017,32829.82,33165.15,32829.82,33106.82,961
15-November-2017,32944.94,32944.94,32683.59,32760.44,960
14-November-2017,32990.03,33126.55,32907.11,32941.87,959
13-November-2017,33397.41,33417.3,32999.98,33033.56,958
10-November-2017,33235.75,33380.42,33108.09,33314.56,957
9-November-2017,33376.62,33463.8,33111.54,33250.93,956
8-November-2017,33417.35,33484.7,33157.68,33218.81,955
7-November-2017,33781.01,33865.95,33341.82,33370.76,954
6-November-2017,33710.15,33848.42,33582.38,33731.19,953
3-November-2017,33667.34,33733.71,33531.94,33685.56,952
2-November-2017,33615.84,33657.57,33527,33573.22,951
1-November-2017,33344.23,33651.52,33340.62,33600.27,950
31-October-2017,33254.93,33294.3,33164.28,33213.13,949
30-October-2017,33260.1,33340.17,33206.93,33266.16,948
27-October-2017,33228.32,33286.51,33109.41,33157.22,947
26-October-2017,33025.17,33196.17,32835.06,33147.13,946
25-October-2017,32995.28,33117.33,32804.6,33042.5,945
24-October-2017,32619.26,32670.37,32502.08,32607.34,944
23-October-2017,32411.86,32614.89,32312.74,32506.72,943
19-October-2017,32656.75,32663.06,32319.37,32389.96,942
18-October-2017,32518.56,32670.32,32462.85,32584.35,941
17-October-2017,32654.41,32699.86,32556.74,32609.16,940
16-October-2017,32488.23,32687.32,32445.43,32633.64,939
13-October-2017,32247.74,32508.59,32247.74,32432.69,938
12-October-2017,31887.47,32209.03,31813.67,32182.22,937
11-October-2017,31975.59,32098.46,31769.4,31833.99,936
10-October-2017,31910.82,31994.77,31896.9,31924.41,935
9-October-2017,31862.2,31935.63,31781.75,31846.89,934
6-October-2017,31633.34,31844.28,31632.81,31814.22,933
5-October-2017,31725.85,31772.41,31562.25,31592.03,932
4-October-2017,31522.17,31752.16,31457.78,31671.71,931
3-October-2017,31537.81,31615.28,31440.48,31497.38,930
29-September-2017,31367.25,31523.87,31243.71,31283.72,929
28-September-2017,31216.36,31340.91,31081.83,31282.48,928
27-September-2017,31785.24,31797.46,31100.8,31159.81,927
26-September-2017,31685.81,31693.59,31455.65,31599.76,926
25-September-2017,31986.4,32016.52,31474.56,31626.63,925
22-September-2017,32339.5,32342.81,31886.09,31922.44,924
21-September-2017,32406.42,32462.61,32164.42,32370.04,923
20-September-2017,32467.1,32499.88,32383.82,32400.51,922
19-September-2017,32522.44,32524.11,32358.63,32402.37,921
18-September-2017,32361.37,32508.06,32361.25,32423.76,920
15-September-2017,32207.63,32356.11,32138.38,32272.61,919
14-September-2017,32289.26,32328.61,32186.84,32241.93,918
13-September-2017,32188.95,32348.3,32126.77,32186.41,917
12-September-2017,32029.15,32172.46,31950.24,32158.66,916
11-September-2017,31798.31,31952.87,31797.89,31882.16,915
8-September-2017,31694.15,31763.7,31619,31687.52,914
7-September-2017,31738.74,31814.96,31620.44,31662.74,913
6-September-2017,31713.5,31727.85,31586.53,31661.97,912
5-September-2017,31755.16,31863.47,31674.23,31809.55,911
4-September-2017,31932.2,31932.2,31560.32,31702.25,910
1-September-2017,31769.34,31944.1,31707.27,31892.23,909
31-August-2017,31685.44,31757.18,31551.85,31730.49,908
30-August-2017,31534.57,31727.98,31533.02,31646.46,907
29-August-2017,31724.84,31739.8,31360.81,31388.39,906
28-August-2017,31756.87,31809.7,31701.67,31750.82,905
24-August-2017,31673.44,31678.19,31546.05,31596.06,904
23-August-2017,31407.47,31593.39,31379.25,31568.01,903
22-August-2017,31393.93,31484.28,31241.5,31291.85,902
21-August-2017,31609.93,31641.81,31220.53,31258.85,901
18-August-2017,31729.88,31729.88,31349.13,31524.68,900
17-August-2017,31919.17,31937.51,31714.1,31795.46,899
16-August-2017,31566.24,31805.99,31399.35,31770.89,898
14-August-2017,31299.52,31526.4,31298.9,31449.03,897
11-August-2017,31355.92,31379.2,31128.02,31213.59,896
10-August-2017,31750.73,31756.27,31422.8,31531.33,895
9-August-2017,31926.14,31967.28,31731.91,31797.84,894
8-August-2017,32341.05,32354.77,31915.2,32014.19,893
7-August-2017,32377.8,32396.14,32235.82,32273.67,892
4-August-2017,32191.12,32352.19,32107.99,32325.41,891
3-August-2017,32502.55,32502.55,32194.58,32237.88,890
2-August-2017,32641.58,32686.48,32394.89,32476.74,889
1-August-2017,32579.8,32632.02,32462.25,32575.17,888
31-July-2017,32412.2,32546.5,32324.45,32514.94,887
28-July-2017,32381.36,32381.36,32104.66,32309.88,886
27-July-2017,32519.44,32672.66,32325.33,32383.3,885
26-July-2017,32255.99,32413.63,32226.08,32382.46,884
25-July-2017,32350.71,32374.3,32196.86,32228.27,883
24-July-2017,32100.22,32320.86,32058.33,32245.87,882
21-July-2017,32035.88,32062.23,31808.93,32028.89,881
20-July-2017,32033.82,32057.12,31859.5,31904.4,880
19-July-2017,31882.8,31978.89,31793.72,31955.35,879
18-July-2017,31775.54,31911.61,31626.44,31710.99,878
17-July-2017,32053.98,32131.92,32037.21,32074.78,877
14-July-2017,32099.93,32109.75,31897.87,32020.75,876
13-July-2017,31896.23,32091.52,31892.63,32037.38,875
12-July-2017,31813.24,31865.69,31731.43,31804.82,874
11-July-2017,31789.5,31885.11,31718.48,31747.09,873
10-July-2017,31510.62,31768.39,31471.41,31715.64,872
7-July-2017,31373.52,31426.29,31286.62,31360.63,871
6-July-2017,31298.42,31460.7,31264.86,31369.34,870
5-July-2017,31272.72,31284.64,31177.78,31245.56,869
4-July-2017,31331.21,31353.46,31166.37,31209.79,868
3-July-2017,31156.04,31258.33,31017.11,31221.62,867
30-June-2017,30824.97,30965.45,30680.66,30921.61,866
29-June-2017,30910.97,31097.92,30794.61,30857.52,865
28-June-2017,30988.87,31000.48,30798.7,30834.32,864
27-June-2017,31194.68,31294.96,30847.08,30958.25,863
23-June-2017,31352.57,31365.39,31110.39,31138.21,862
22-June-2017,31351.53,31522.87,31255.63,31290.74,861
21-June-2017,31302.18,31336.44,31193.61,31283.64,860
20-June-2017,31392.53,31392.53,31261.49,31297.53,859
19-June-2017,31168.98,31362.15,31163.35,31311.57,858
16-June-2017,31160.47,31182.73,31017.18,31056.4,857
15-June-2017,31222.89,31229.44,31026.48,31075.73,856
14-June-2017,31147.69,31190.36,31054.94,31155.91,855
13-June-2017,31091.1,31260.77,31062.34,31103.49,854
12-June-2017,31225.43,31225.43,31044.28,31095.7,853
9-June-2017,31196.86,31289.99,31087.28,31262.06,852
8-June-2017,31316.91,31354.51,31193.77,31213.36,851
7-June-2017,31252.71,31346.99,31172.98,31271.28,850
6-June-2017,31420.85,31430.32,31172.55,31190.56,849
5-June-2017,31274.74,31355.42,31198.22,31309.49,848
2-June-2017,31205.37,31332.56,31190.4,31273.29,847
1-June-2017,31117.09,31213.12,31062.02,31137.59,846
31-May-2017,31222.51,31255.28,31107.48,31145.8,845
30-May-2017,31111.73,31220.38,31064.04,31159.4,844
29-May-2017,30944.38,31214.39,30869.9,31109.28,843
26-May-2017,30765.77,31074.07,30745.57,31028.21,842
25-May-2017,30374.81,30793.43,30352.26,30750.03,841
24-May-2017,30446.77,30534.15,30247.6,30301.64,840
23-May-2017,30553.89,30610.64,30316.92,30365.25,839
22-May-2017,30638.88,30712.15,30516.87,30570.97,838
19-May-2017,30539.65,30712.35,30338.52,30464.92,837
18-May-2017,30466.82,30575.83,30393.72,30434.79,836
17-May-2017,30616.53,30692.45,30519.14,30658.77,835
16-May-2017,30391.48,30591.55,30363.37,30582.6,834
15-May-2017,30287.37,30357.96,30273.62,30322.12,833
12-May-2017,30285.61,30299.74,30111.45,30188.15,832
11-May-2017,30309.71,30366.43,30207.11,30250.98,831
10-May-2017,29988.78,30271.6,29987.44,30248.17,830
9-May-2017,29977.5,30017.82,29911.44,29933.25,829
8-May-2017,29915.12,30016.04,29877.41,29926.15,828
5-May-2017,30142.14,30176.55,29823.6,29858.8,827
4-May-2017,30069.72,30169.95,30007.4,30126.21,826
3-May-2017,29984.95,30020.59,29846.57,29894.8,825
2-May-2017,30021.49,30069.24,29804.12,29921.18,824
28-April-2017,30064.6,30067.64,29848.21,29918.4,823
27-April-2017,30141.39,30184.22,29973.4,30029.74,822
26-April-2017,30030.2,30167.09,29968.57,30133.35,821
25-April-2017,29825.14,29961.82,29780.84,29943.24,820
24-April-2017,29407.68,29681.33,29392.99,29655.84,819
21-April-2017,29575.66,29584.34,29259.42,29365.3,818
20-April-2017,29358.59,29453.06,29341.68,29422.39,817
19-April-2017,29369.9,29388.25,29241.48,29336.57,816
18-April-2017,29487.78,29701.19,29286.38,29319.1,815
17-April-2017,29470.27,29494.08,29363.28,29413.66,814
13-April-2017,29637.12,29660.48,29442.26,29461.45,813
12-April-2017,29838.82,29838.82,29549.74,29643.48,812
11-April-2017,29630.06,29804.51,29570.58,29788.35,811
10-April-2017,29752.62,29831.32,29553.04,29575.74,810
7-April-2017,29850.71,29886.12,29668.45,29706.61,809
6-April-2017,29946.89,29954.25,29817.59,29927.34,808
5-April-2017,29996.03,30007.48,29817.69,29974.24,807
3-April-2017,29737.73,29926.94,29705.72,29910.22,806
31-March-2017,29633.91,29687.64,29552.61,29620.5,805
30-March-2017,29538.03,29684.54,29521.65,29647.42,804
29-March-2017,29463.01,29554.39,29439.42,29531.43,803
28-March-2017,29301.22,29442.18,29301.22,29409.52,802
27-March-2017,29395.68,29420.7,29163.54,29237.15,801
24-March-2017,29350.6,29539.85,29350.17,29421.4,800
23-March-2017,29201.01,29373.79,29198.08,29332.16,799
22-March-2017,29341.41,29341.41,29137.48,29167.68,798
21-March-2017,29525.88,29585.05,29380.14,29485.45,797
20-March-2017,29653.54,29699.48,29482.4,29518.74,796
17-March-2017,29755.74,29824.62,29601.86,29648.99,795
16-March-2017,29482.83,29614.79,29482.83,29585.85,794
15-March-2017,29452.86,29500.08,29358.91,29398.11,793
14-March-2017,29437.23,29561.93,29356.05,29442.63,792
10-March-2017,29006,29076.63,28851.04,28946.23,791
9-March-2017,28909.7,28986.72,28815.02,28929.13,790
8-March-2017,29021.06,29022.32,28815.48,28901.94,789
7-March-2017,29092.16,29098.17,28957.68,28999.56,788
6-March-2017,28859.21,29070.2,28856.12,29048.19,787
3-March-2017,28827.5,28860.13,28716.21,28832.45,786
2-March-2017,29117.38,29145.62,28784.31,28839.79,785
1-March-2017,28849.04,29029.17,28824.17,28984.49,784
28-February-2017,28825.19,28876.54,28721.12,28743.32,783
27-February-2017,28910.5,28961.83,28791.19,28812.88,782
23-February-2017,28927.67,29065.31,28860.46,28892.97,781
22-February-2017,28822.4,28963.52,28789.3,28864.71,780
21-February-2017,28716.7,28801,28597.33,28761.59,779
20-February-2017,28481.91,28696.53,28419.27,28661.58,778
17-February-2017,28670.43,28726.26,28410.91,28468.75,777
16-February-2017,28223.85,28327.84,28146.19,28301.27,776
15-February-2017,28270.11,28382.32,28102.23,28155.56,775
14-February-2017,28386.12,28393.42,28263.45,28339.31,774
13-February-2017,28450.42,28458.8,28197.38,28351.62,773
10-February-2017,28367.17,28456.18,28286.8,28334.25,772
9-February-2017,28349.22,28469.48,28152.18,28329.7,771
8-February-2017,28386.08,28391.64,28149.08,28289.92,770
7-February-2017,28443.23,28483.41,28239.12,28335.16,769
6-February-2017,28340.39,28487.28,28340.39,28439.28,768
3-February-2017,28270.67,28280.58,28127.18,28240.52,767
2-February-2017,28167.83,28299.92,28070.81,28226.61,766
1-February-2017,27669.08,28159.54,27590.1,28141.64,765
31-January-2017,27867.92,27867.92,27624.54,27655.96,764
30-January-2017,27866.8,27947.37,27813.32,27849.56,763
27-January-2017,27761.03,27980.39,27759.48,27882.46,762
25-January-2017,27462.83,27736.83,27439.68,27708.14,761
24-January-2017,27170.88,27393.35,27140.85,27375.58,760
23-January-2017,26990.93,27167.79,26963.58,27117.34,759
20-January-2017,27232.69,27264.41,27009.81,27034.5,758
19-January-2017,27253.34,27348.19,27219.89,27308.6,757
18-January-2017,27261.76,27422.67,27217.65,27257.64,756
17-January-2017,27331.82,27381.43,27179.19,27235.66,755
16-January-2017,27238.35,27335.08,27172.68,27288.17,754
13-January-2017,27378.01,27459.75,27143.07,27238.06,753
12-January-2017,27171.66,27278.93,27166.69,27247.16,752
11-January-2017,26978.44,27174.87,26978.44,27140.41,751
10-January-2017,26811.63,26914.95,26804.17,26899.56,750
9-January-2017,26860.81,26860.88,26701.18,26726.55,749
6-January-2017,26929.69,27009.61,26733.33,26759.23,748
5-January-2017,26738.42,26917.21,26738.42,26878.24,747
4-January-2017,26677.22,26723.37,26606.06,26633.13,746
3-January-2017,26616.92,26724.4,26488.37,26643.24,745
2-January-2017,26711.15,26720.98,26447.06,26595.45,744
30-December-2016,26441.51,26678.6,26406.53,26626.46,743
29-December-2016,26429.41,26429.63,26166.67,26366.15,742
28-December-2016,26243.19,26415.05,26191.72,26210.68,741
27-December-2016,25815.43,26249.03,25803.19,26213.44,740
26-December-2016,25992.41,26008.57,25753.74,25807.1,739
23-December-2016,25959.99,26143.19,25872.38,26040.7,738
22-December-2016,26224.07,26248.45,25940.14,25979.6,737
21-December-2016,26368.88,26396,26213.51,26242.38,736
20-December-2016,26374.59,26435.56,26241.43,26307.98,735
19-December-2016,26505.66,26505.66,26340.38,26374.7,734
16-December-2016,26548.67,26594.55,26455.21,26489.56,733
15-December-2016,26497.71,26737.86,26407.58,26519.07,732
14-December-2016,26707.91,26736.34,26547.05,26602.84,731
13-December-2016,26607.65,26724.97,26494.23,26697.82,730
12-December-2016,26725.31,26725.31,26468.59,26515.24,729
9-December-2016,26787.14,26803.76,26707.81,26747.18,728
8-December-2016,26366.52,26733.87,26357.35,26694.28,727
7-December-2016,26456.21,26540.83,26164.82,26236.87,726
6-December-2016,26403.62,26502.43,26356.02,26392.76,725
5-December-2016,26253.48,26390.8,26125.35,26349.1,724
2-December-2016,26437.37,26463.06,26182.93,26230.66,723
1-December-2016,26756.66,26769.32,26540.82,26559.92,722
30-November-2016,26441.02,26680.55,26395.5,26652.81,721
29-November-2016,26408.62,26587.07,26354.66,26394.01,720
28-November-2016,26303.52,26413.99,26183.22,26350.17,719
25-November-2016,25953.24,26343.95,25874.45,26316.34,718
24-November-2016,26049.14,26049.14,25810.97,25860.17,717
23-November-2016,26101.33,26130.49,25877.16,26051.81,716
22-November-2016,25928.16,26039.7,25765.51,25960.78,715
21-November-2016,26246.7,26270.28,25717.93,25765.14,714
18-November-2016,26270.2,26349.02,26106.78,26150.24,713
17-November-2016,26304.9,26449.87,26155.4,26227.62,712
16-November-2016,26508.94,26621.4,26239.21,26298.69,711
15-November-2016,26809.61,26809.61,26253.63,26304.63,710
11-November-2016,27344.85,27344.85,26777.18,26818.82,709
10-November-2016,27605.05,27743.46,27457.05,27517.68,708
9-November-2016,26251.38,27397.38,25902.45,27252.53,707
8-November-2016,27537.26,27646.84,27406.76,27591.14,706
7-November-2016,27552.27,27591.15,27398.72,27458.99,705
4-November-2016,27465.55,27498.91,27193.61,27274.15,704
3-November-2016,27518.06,27600.74,27399.26,27430.28,703
2-November-2016,27679.32,27679.32,27500.81,27527.22,702
1-November-2016,27966.18,28029.8,27845.63,27876.61,701
30-October-2016,28066.32,28095.71,27890.14,27930.21,700
28-October-2016,27983.14,28000.14,27789.84,27941.51,699
27-October-2016,27808.63,27958.13,27665.6,27915.9,698
26-October-2016,28050.55,28050.55,27759.56,27836.51,697
25-October-2016,28159.09,28211.41,28013.69,28091.42,696
24-October-2016,28156.59,28256.65,28075.95,28179.08,695
21-October-2016,28163.41,28163.41,27957.92,28077.18,694
20-October-2016,28031.57,28212.5,28031.57,28129.84,693
19-October-2016,28112.36,28131.07,27926.17,27984.37,692
18-October-2016,27656.89,28064.39,27652.76,28050.88,691
17-October-2016,27776.14,27803.21,27488.3,27529.97,690
14-October-2016,27712.22,27763.54,27548.18,27673.6,689
13-October-2016,28042.62,28042.62,27563.84,27643.11,688
10-October-2016,28144.28,28216.64,28068.32,28082.34,687
7-October-2016,28129.22,28155.68,27964.91,28061.14,686
6-October-2016,28298.35,28328.56,28031.22,28106.21,685
5-October-2016,28425.74,28477.65,28188.9,28220.98,684
4-October-2016,28377.64,28404.7,28242.25,28334.55,683
3-October-2016,27997.29,28273.02,27919.89,28243.29,682
30-September-2016,27807.82,27955.21,27716.78,27865.96,681
29-September-2016,28423.14,28475.57,27719.92,27827.53,680
28-September-2016,28198.88,28378.56,28198.3,28292.81,679
27-September-2016,28373.02,28432.74,28179.34,28223.7,678
26-September-2016,28630.92,28630.92,28272.03,28294.28,677
23-September-2016,28810.32,28825.09,28627.38,28668.22,676
22-September-2016,28766.94,28871.92,28693.07,28773.13,675
21-September-2016,28554.38,28689.36,28462.33,28507.42,674
20-September-2016,28690.66,28698.81,28480.53,28523.2,673
19-September-2016,28626.6,28714.77,28552.55,28634.5,672
16-September-2016,28520.3,28778.64,28494.59,28599.03,671
15-September-2016,28398.33,28454.02,28311.11,28412.89,670
14-September-2016,28345.49,28416.41,28259.38,28372.23,669
12-September-2016,28481.09,28481.11,28251.31,28353.54,668
9-September-2016,29062.9,29062.9,28755.08,28797.25,667
8-September-2016,28929.46,29077.28,28854.56,29045.28,666
7-September-2016,29035.67,29067.84,28911.31,28926.36,665
6-September-2016,28631.27,29013.4,28631.27,28978.02,664
2-September-2016,28498.72,28581.58,28427.63,28532.11,663
1-September-2016,28459.09,28548.85,28386.61,28423.48,662
31-August-2016,28372.25,28532.25,28363.1,28452.17,661
30-August-2016,28012.46,28478.02,28010.66,28343.01,660
29-August-2016,27827.26,27952.85,27698.71,27902.66,659
26-August-2016,27882.75,27935.88,27696.99,27782.25,658
25-August-2016,28103.6,28154.21,27803.24,27835.91,657
24-August-2016,28065.25,28108.39,27959.87,28059.94,656
23-August-2016,28012.56,28028.98,27854.43,27990.21,655
22-August-2016,28088.07,28143.28,27918.05,27985.54,654
19-August-2016,28167.66,28212.3,28026.12,28077,653
18-August-2016,28077.64,28214.17,28077,28123.44,652
17-August-2016,28061.79,28174.3,27960.14,28005.37,651
16-August-2016,28190.04,28199.1,27942.65,28064.61,650
12-August-2016,27919.95,28203.27,27900.91,28152.4,649
11-August-2016,27805.94,27902.39,27697.33,27859.6,648
10-August-2016,28133.36,28143.28,27736.62,27774.88,647
9-August-2016,28289.22,28289.96,27956.77,28085.16,646
8-August-2016,28181.92,28226.38,28128.06,28182.57,645
5-August-2016,27810.55,28110.37,27795.74,28078.35,644
4-August-2016,27899.88,27921.91,27627.97,27714.37,643
3-August-2016,28008.52,28015.43,27647.14,27697.51,642
2-August-2016,28069.12,28175.22,27943.91,27981.71,641
1-August-2016,28083.08,28284.85,27873.53,28003.12,640
29-July-2016,28232.87,28233.47,28037.87,28051.86,639
28-July-2016,28108.78,28240.2,28064.9,28208.62,638
27-July-2016,27976.14,28210.88,27899.93,28024.33,637
26-July-2016,28121.37,28149.53,27927.13,27976.52,636
25-July-2016,27753.96,28110.37,27736.51,28095.34,635
22-July-2016,27721.72,27832.45,27646.21,27803.24,634
21-July-2016,27980.07,27988.76,27687.54,27710.52,633
20-July-2016,27775.7,27935.18,27759.71,27915.89,632
19-July-2016,27790.05,27826.69,27637.98,27787.62,631
18-July-2016,27920.66,28013.5,27697.69,27746.66,630
15-July-2016,27966.14,28048.7,27735.87,27836.5,629
14-July-2016,27857.8,27967.77,27763.15,27942.11,628
13-July-2016,27912.14,27928.76,27752.14,27815.18,627
12-July-2016,27667.81,27828.74,27667.81,27808.14,626
11-July-2016,27358.23,27647.48,27358.23,27626.69,625
8-July-2016,27292.2,27294.82,27034.14,27126.9,624
7-July-2016,27209.97,27288.22,27146.95,27201.49,623
5-July-2016,27340.72,27348.66,27127.3,27166.87,622
4-July-2016,27314.44,27385.66,27251.06,27278.76,621
1-July-2016,27064.33,27243.36,27061.4,27144.91,620
30-June-2016,26926.17,27069.23,26872.59,26999.72,619
29-June-2016,26627.15,26776.17,26606.31,26740.39,618
28-June-2016,26410.66,26583.33,26378.46,26524.55,617
27-June-2016,26347.81,26493.51,26262.72,26402.96,616
24-June-2016,26367.48,26435.85,25911.33,26397.71,615
23-June-2016,26753.2,27060.98,26736.52,27002.22,614
22-June-2016,26791.68,26887.29,26617.45,26765.65,613
21-June-2016,26907.42,26925.64,26754.6,26812.78,612
20-June-2016,26497.11,26885.49,26447.88,26866.92,611
17-June-2016,26653.85,26730.55,26538.51,26625.91,610
16-June-2016,26686.03,26686.03,26314.91,26525.46,609
15-June-2016,26500.79,26752.59,26446.59,26726.34,608
14-June-2016,26482.5,26485.45,26264.81,26395.71,607
13-June-2016,26468.27,26468.27,26262.27,26396.77,606
10-June-2016,26742.26,26972.06,26620.5,26635.75,605
9-June-2016,26994.48,26994.91,26692.35,26763.46,604
8-June-2016,27085.24,27105.41,26973.71,27020.66,603
7-June-2016,26833.54,27082.63,26829.53,27009.67,602
6-June-2016,26897.84,26901.42,26729.54,26777.45,601
3-June-2016,26919.23,27008.14,26792.07,26843.03,600
2-June-2016,26694.28,26885.16,26641.02,26843.14,599
1-June-2016,26684.46,26857.25,26671.86,26713.93,598
31-May-2016,26817.75,26837.2,26561.58,26667.96,597
30-May-2016,26694.75,26794.96,26623.33,26725.6,596
27-May-2016,26415.93,26677.43,26405.28,26653.6,595
26-May-2016,26008.25,26398.94,25941.51,26366.68,594
25-May-2016,25432.1,25897.87,25430.59,25881.17,593
24-May-2016,25256.97,25340.47,25181.47,25305.47,592
23-May-2016,25447.72,25519.26,25207.78,25230.36,591
20-May-2016,25428.42,25506.06,25251.9,25301.9,590
19-May-2016,25713.84,25714.56,25351.99,25399.72,589
18-May-2016,25671.48,25747,25503.4,25704.61,588
17-May-2016,25756.14,25927.31,25733.76,25773.61,587
16-May-2016,25528.8,25688.46,25351.62,25653.23,586
13-May-2016,25739.94,25743.69,25400.27,25489.57,585
12-May-2016,25684.6,25827.03,25620.27,25790.22,584
11-May-2016,25548.97,25762.49,25409.24,25597.02,583
10-May-2016,25682.98,25809.93,25614.24,25772.53,582
9-May-2016,25321.83,25709.68,25302.86,25688.86,581
6-May-2016,25223.67,25260.48,25057.93,25228.5,580
5-May-2016,25187.66,25394.1,25162.94,25262.21,579
4-May-2016,25210.87,25245.7,25061.04,25101.73,578
3-May-2016,25500.14,25705.96,25192.94,25229.7,577
2-May-2016,25565.44,25565.44,25341.14,25436.97,576
29-April-2016,25612.91,25755.43,25424.03,25606.62,575
28-April-2016,26078.28,26100.54,25561.17,25603.1,574
27-April-2016,25956.42,26092.93,25885.24,26064.12,573
26-April-2016,25604.92,26055,25549.05,26007.3,572
25-April-2016,25891.03,25891.03,25585.93,25678.93,571
22-April-2016,25892.49,25922.02,25771.88,25838.14,570
21-April-2016,25979.68,26080.07,25783.12,25880.38,569
20-April-2016,25942.34,25956.34,25716.81,25844.18,568
18-April-2016,25833.16,25870.03,25634.12,25816.36,567
13-April-2016,25358.42,25671.5,25358.42,25626.75,566
12-April-2016,25056.47,25180.02,24996.44,25145.59,565
11-April-2016,24789.4,25049.92,24523.2,25022.16,564
8-April-2016,24665.8,24736.03,24608.51,24673.84,563
7-April-2016,24998.79,25013.13,24647.48,24685.42,562
6-April-2016,24978.86,25000.65,24834.16,24900.63,561
5-April-2016,25372.44,25372.44,24837.51,24883.59,560
4-April-2016,25333.98,25424.15,25223.49,25399.65,559
1-April-2016,25301.7,25354.94,25119.35,25269.64,558
31-March-2016,25364.75,25479.62,25223.22,25341.86,557
30-March-2016,25062.06,25358.84,25055.42,25338.58,556
29-March-2016,24957.24,25079.35,24835.56,24900.46,555
28-March-2016,25417.11,25432.94,24895.49,24966.4,554
23-March-2016,25322.1,25367.81,25156.82,25337.56,553
22-March-2016,25331.01,25381.33,25083.7,25330.49,552
21-March-2016,25007.56,25327.45,24988.27,25285.37,551
18-March-2016,24729.41,24986.94,24681.64,24952.74,550
17-March-2016,24852.18,24948.3,24576.52,24677.37,549
16-March-2016,24537.61,24706.85,24354.55,24682.48,548
15-March-2016,24832.04,24840.77,24517.28,24551.17,547
14-March-2016,24801.7,24960.51,24734.04,24804.28,546
11-March-2016,24620.39,24817.8,24552.26,24717.99,545
10-March-2016,24815.7,24817.48,24471.39,24623.34,544
9-March-2016,24527.27,24820.76,24451.6,24793.96,543
8-March-2016,24655.19,24793.62,24509.21,24659.23,542
4-March-2016,24704.59,24719.05,24531.8,24646.48,541
3-March-2016,24386.67,24640.51,24383.28,24606.99,540
2-March-2016,24044.96,24280.42,24043.89,24242.98,539
1-March-2016,23153.32,23821.49,23133.18,23779.35,538
29-February-2016,23238.5,23343.22,22494.61,23002,537
26-February-2016,23141.08,23227.91,23021.94,23154.3,536
25-February-2016,23105.16,23142.96,22948.1,22976,535
24-February-2016,23332.94,23338.89,23057.45,23088.93,534
23-February-2016,23850.41,23851.51,23361.94,23410.18,533
22-February-2016,23783.47,23855.04,23674.86,23788.79,532
19-February-2016,23640.32,23774.48,23508.36,23709.15,531
18-February-2016,23536.47,23735.35,23448.21,23649.22,530
17-February-2016,23237.23,23434.91,22920.84,23381.87,529
16-February-2016,23688.61,23692.08,23164.54,23191.97,528
15-February-2016,23223.43,23622.64,23197.67,23554.12,527
12-February-2016,23060.39,23161.15,22600.39,22986.12,526
11-February-2016,23758.46,23758.46,22909.12,22951.83,525
10-February-2016,23938.32,23938.32,23636.72,23758.9,524
9-February-2016,24076.85,24111.19,23919.47,24020.98,523
8-February-2016,24637.41,24698.95,24196.84,24287.42,522
5-February-2016,24360.36,24672.9,24345.79,24616.97,521
4-February-2016,24386.45,24514.01,24224.74,24338.43,520
3-February-2016,24393.59,24409.26,24187.54,24223.32,519
2-February-2016,24868.21,24928.75,24460.53,24539,518
1-February-2016,24982.22,25002.32,24788.58,24824.83,517
29-January-2016,24347.31,24911.9,24340.06,24870.69,516
28-January-2016,24481.86,24587.2,24400.52,24469.57,515
27-January-2016,24643.13,24645.7,24458.13,24492.39,514
25-January-2016,24540.97,24650.57,24433.67,24485.95,513
22-January-2016,24122.06,24472.88,24120.04,24435.66,512
21-January-2016,24194.75,24351.83,23862,23962.21,511
20-January-2016,24325.77,24325.77,23839.76,24062.04,510
19-January-2016,24257.28,24563.34,24247.23,24479.84,509
18-January-2016,24400.78,24524.85,24141.99,24188.37,508
15-January-2016,24881.76,24912.64,24421.53,24455.04,507
14-January-2016,24606.2,25018.46,24473.22,24772.97,506
13-January-2016,24804.64,24956.54,24387.69,24854.11,505
12-January-2016,24862.93,24882.3,24597.11,24682.03,504
11-January-2016,24787.11,24961.88,24598.9,24825.04,503
8-January-2016,24969.02,25083.55,24887.22,24934.33,502
7-January-2016,25224.7,25230.35,24825.7,24851.83,501
6-January-2016,25628.23,25632.57,25357.7,25406.33,500
5-January-2016,25744.7,25766.76,25513.75,25580.34,499
4-January-2016,26116.52,26116.52,25596.57,25623.35,498
1-January-2016,26101.5,26197.27,26008.2,26160.9,497
31-December-2015,25980.86,26147.63,25941.91,26117.54,496
30-December-2015,26123.87,26130.2,25939.25,25960.03,495
29-December-2015,26075.68,26133.78,25994.45,26079.48,494
28-December-2015,25858.52,26073.41,25856.86,26034.13,493
24-December-2015,25893.84,25922.47,25763.4,25838.71,492
23-December-2015,25697.66,25875.27,25689.7,25850.3,491
22-December-2015,25731.07,25787.21,25485.17,25590.65,490
21-December-2015,25425.32,25757.84,25413.54,25735.9,489
18-December-2015,25764.67,25789.51,25481.51,25519.22,488
17-December-2015,25596.63,25831.31,25448.32,25803.78,487
16-December-2015,25402.47,25572.9,25372.47,25494.37,486
15-December-2015,25186.68,25342.78,25075.54,25320.44,485
14-December-2015,24935.6,25194.15,24867.73,25150.35,484
11-December-2015,25281.77,25316.14,24930.43,25044.43,483
10-December-2015,25136.71,25289.58,25034.14,25252.32,482
9-December-2015,25299.34,25316.95,25012.22,25036.05,481
8-December-2015,25488.42,25542.47,25256.79,25310.33,480
7-December-2015,25746.03,25785.53,25477.69,25530.11,479
4-December-2015,25810.06,25810.06,25623.71,25638.11,478
3-December-2015,26123.86,26123.86,25857.35,25886.62,477
2-December-2015,26239.39,26256.42,26041.68,26117.85,476
1-December-2015,26201.27,26246.02,26121.52,26169.41,475
30-November-2015,26142.53,26231.06,26089.13,26145.67,474
27-November-2015,26003.2,26184.65,25937.32,26128.2,473
26-November-2015,25769.81,26016.04,25769.81,25958.63,472
24-November-2015,25785.61,25901.56,25703.86,25775.74,471
23-November-2015,25945.14,25958.04,25747.01,25819.34,470
20-November-2015,25856.13,26058.76,25769.81,25868.49,469
19-November-2015,25640.34,25884.52,25603.1,25841.92,468
18-November-2015,25837.71,25890.36,25453.32,25482.52,467
17-November-2015,25897.88,25948.2,25732.79,25864.47,466
16-November-2015,25580.15,25866.42,25451.42,25760.1,465
13-November-2015,25724.09,25724.09,25540.73,25610.53,464
11-November-2015,25934.9,25944.93,25853.42,25866.95,463
10-November-2015,26094.09,26094.09,25709.23,25743.26,462
9-November-2015,25809,26193.17,25656.9,26121.4,461
6-November-2015,26284.01,26438.86,26190.18,26265.24,460
5-November-2015,26557.8,26557.8,26243.2,26304.2,459
4-November-2015,26704.02,26800.06,26510.31,26552.92,458
3-November-2015,26660.71,26732.24,26514.48,26590.59,457
2-November-2015,26641.69,26824.3,26378.26,26559.15,456
30-October-2015,26878.48,26942.29,26585.2,26656.83,455
29-October-2015,27083.7,27099.11,26794.1,26838.14,454
28-October-2015,27131.71,27163.98,26919.96,27039.76,453
27-October-2015,27291.06,27296.3,27209.52,27253.44,452
26-October-2015,27575.04,27618.14,27318.2,27361.96,451
23-October-2015,27466.64,27555.06,27421.71,27470.81,450
21-October-2015,27312.35,27445.24,27190.55,27287.66,449
20-October-2015,27402.9,27432.07,27216.4,27306.83,448
19-October-2015,27305.62,27387.91,27246.79,27364.92,447
16-October-2015,27062.8,27239.22,26917.12,27214.6,446
15-October-2015,26842.19,27037.95,26836.77,27010.14,445
14-October-2015,26760.32,26869.08,26713.28,26779.66,444
13-October-2015,26874.29,26918.52,26719.1,26846.53,443
12-October-2015,27242.6,27305.04,26855.75,26904.11,442
9-October-2015,26974.92,27200.44,26910.59,27079.51,441
8-October-2015,27116.86,27120.11,26762.36,26845.81,440
7-October-2015,26966.86,27082.28,26877.51,27035.85,439
6-October-2015,26976.66,27010.27,26751.25,26932.88,438
5-October-2015,26379.42,26822.42,26375.31,26785.55,437
1-October-2015,26344.19,26431.8,26168.71,26220.95,436
30-September-2015,25986.52,26179.7,25918.21,26154.83,435
29-September-2015,25496.38,26054.37,25287.33,25778.66,434
28-September-2015,25922.71,25936.89,25593.56,25616.84,433
24-September-2015,25798.05,25949.9,25670.96,25863.5,432
23-September-2015,25526.53,25934.02,25386.48,25822.99,431
22-September-2015,26274.37,26339.1,25571.34,25651.84,430
21-September-2015,26107.98,26233.46,25972.54,26192.98,429
18-September-2015,26130.36,26471.82,26130.36,26218.91,428
16-September-2015,25884.05,26006.75,25816.5,25963.97,427
15-September-2015,25908.34,25909.83,25649.37,25705.93,426
14-September-2015,25706.87,25891.73,25531.07,25856.7,425
11-September-2015,25793.77,25875.96,25530.41,25610.21,424
10-September-2015,25522.96,25733.7,25287.5,25622.17,423
9-September-2015,25682.87,25820.56,25553.61,25719.58,422
8-September-2015,24972.01,25411,24833.54,25317.87,421
7-September-2015,25302.98,25387.32,24851.77,24893.81,420
4-September-2015,25772.58,25775.38,25119.06,25201.9,419
3-September-2015,25614.69,25835.41,25555.77,25764.78,418
2-September-2015,25891.95,25939.37,25395.09,25453.56,417
1-September-2015,26127.04,26141.07,25579.88,25696.44,416
31-August-2015,26469.42,26504.73,26215.16,26283.09,415
28-August-2015,26542.84,26687.33,26270.17,26392.38,414
27-August-2015,26137.03,26302.77,25943.75,26231.19,413
26-August-2015,26063.27,26156.61,25657.56,25714.66,412
25-August-2015,25916.26,26124.83,25298.42,26032.38,411
24-August-2015,26730.4,26730.4,25624.72,25741.56,410
21-August-2015,27440.1,27442.82,27131.44,27366.07,409
20-August-2015,27959.19,27964.6,27564.16,27607.82,408
19-August-2015,27851.81,28021.39,27721.25,27931.64,407
18-August-2015,27949.13,28040.73,27747.4,27831.54,406
17-August-2015,28093.54,28095.97,27739.13,27878.27,405
14-August-2015,27668.06,28100.64,27643.2,28067.31,404
13-August-2015,27635.25,27791.1,27496.29,27549.53,403
12-August-2015,27880.76,27883.33,27479.43,27512.26,402
11-August-2015,28193.26,28205.12,27825.83,27866.09,401
10-August-2015,28250.78,28417.59,28017.85,28101.72,400
7-August-2015,28327.11,28335.67,28193.93,28236.39,399
6-August-2015,28291.88,28359.96,28163.69,28298.13,398
5-August-2015,28138.04,28315.71,28135.68,28223.08,397
4-August-2015,28225.04,28264.72,27866.12,28071.93,396
3-August-2015,28089.09,28263.35,28071.37,28187.06,395
31-July-2015,27814.51,28161.17,27814.51,28114.56,394
30-July-2015,27685.82,27854.46,27649.97,27705.35,393
29-July-2015,27540.46,27609.29,27470.09,27563.43,392
28-July-2015,27630.21,27676.65,27416.39,27459.23,391
27-July-2015,28117.65,28117.65,27529.57,27561.38,390
24-July-2015,28390.5,28402.64,28083.76,28112.31,389
23-July-2015,28540.97,28578.33,28315.37,28370.84,388
22-July-2015,28159.42,28546.42,28070.91,28504.93,387
21-July-2015,28381.82,28518.06,28138.3,28182.14,386
20-July-2015,28544.28,28549.13,28319.83,28420.12,385
17-July-2015,28480.92,28576.32,28417.46,28463.31,384
16-July-2015,28259.7,28478.43,28245.81,28446.12,383
15-July-2015,28022.14,28218.37,27986.48,28198.29,382
14-July-2015,27986.92,28018.59,27853.96,27932.9,381
13-July-2015,27739.32,28005.17,27635.06,27961.19,380
10-July-2015,27705.36,27729.46,27530.9,27661.4,379
9-July-2015,27681.49,27798.13,27540.6,27573.66,378
8-July-2015,28031.45,28031.45,27635.72,27687.72,377
7-July-2015,28220.11,28335.23,28084.36,28171.69,376
6-July-2015,27857.2,28235.31,27774.8,28208.76,375
3-July-2015,27973.12,28135.43,27897.45,28092.79,374
2-July-2015,28100.38,28115.96,27906.35,27945.8,373
1-July-2015,27823.65,28099.25,27799.91,28020.87,372
30-June-2015,27627.39,27814.53,27570.95,27780.83,371
29-June-2015,27451.07,27695.32,27209.19,27645.15,370
26-June-2015,27880.72,27921.86,27675.16,27811.84,369
25-June-2015,27660.22,27968.75,27635.76,27895.97,368
24-June-2015,27852.32,27948.24,27647.29,27729.67,367
23-June-2015,27760.11,27882.66,27666.59,27804.37,366
22-June-2015,27427.19,27782.31,27417.03,27730.21,365
19-June-2015,27207.76,27404.6,27202.38,27316.17,364
18-June-2015,26916.99,27175.39,26910.26,27115.83,363
17-June-2015,26815.41,26983.48,26728.89,26832.66,362
16-June-2015,26586.86,26731.35,26379.93,26686.51,361
15-June-2015,26498.67,26728.6,26307.84,26586.55,360
12-June-2015,26340.32,26489.58,26307.07,26425.3,359
11-June-2015,26959.98,27000.14,26348.93,26370.98,358
10-June-2015,26517.32,26934.74,26493.29,26840.5,357
9-June-2015,26510.29,26604.65,26438.32,26481.25,356
8-June-2015,26814.31,26827.06,26472.87,26523.09,355
5-June-2015,26819.82,27014.42,26718.44,26768.49,354
4-June-2015,26940.64,26948.84,26551.97,26813.42,353
3-June-2015,27230.68,27276.22,26698.26,26837.2,352
2-June-2015,27890.73,27902.53,27146.68,27188.38,351
1-June-2015,27770.79,27959.43,27737.58,27848.99,350
29-May-2015,27553.03,27888.32,27467.23,27828.44,349
28-May-2015,27619.31,27666.37,27354.35,27506.71,348
27-May-2015,27447.4,27595.8,27363.72,27564.66,347
26-May-2015,27633.66,27675.94,27473.54,27531.41,346
25-May-2015,27893.25,27903.29,27614.32,27643.88,345
22-May-2015,27849.54,28071.16,27828.61,27957.5,344
21-May-2015,27885.36,27911.44,27712.73,27809.35,343
20-May-2015,27749.3,27903.01,27743.99,27837.21,342
19-May-2015,27663.08,27872.23,27574.07,27645.53,341
18-May-2015,27416.97,27725.97,27370.28,27687.3,340
15-May-2015,27233.9,27379.57,27159.76,27324,339
14-May-2015,27290.17,27293.99,26948.62,27206.06,338
13-May-2015,27023.71,27299.8,26750.01,27251.1,337
12-May-2015,27502.91,27502.91,26837.39,26877.48,336
11-May-2015,27249.42,27544.24,27231.28,27507.3,335
8-May-2015,26814.38,27196.28,26814.38,27105.39,334
7-May-2015,26721.34,26850.37,26423.99,26599.11,333
6-May-2015,27473.36,27501.15,26677.64,26717.37,332
5-May-2015,27561.32,27603.71,27338.23,27440.14,331
4-May-2015,27204.63,27537.85,27159.45,27490.59,330
30-April-2015,27242.05,27242.05,26897.54,27011.31,329
29-April-2015,27395.71,27438.96,27176.54,27225.93,328
28-April-2015,27215.61,27482.14,27073.25,27396.38,327
27-April-2015,27565.49,27567.28,27141.55,27176.99,326
24-April-2015,27804.58,27829.11,27344.7,27437.94,325
23-April-2015,27977.27,28087.78,27621.18,27735.02,324
22-April-2015,27756.68,27947.26,27385.48,27890.13,323
21-April-2015,27860.51,27976.93,27598.21,27676.04,322
20-April-2015,28525.65,28539.46,27802.37,27886.21,321
17-April-2015,28682.97,28696.19,28403.76,28442.1,320
16-April-2015,28876.23,28876.23,28497.7,28666.04,319
15-April-2015,29087.25,29094.61,28721.63,28799.69,318
13-April-2015,28955.13,29072.51,28843.94,29044.44,317
10-April-2015,28889.27,28907.81,28756.75,28879.38,316
9-April-2015,28858.42,28906.71,28622.44,28885.21,315
8-April-2015,28601.49,28763.06,28566.61,28707.75,314
7-April-2015,28582.33,28641.08,28274.36,28516.59,313
6-April-2015,28351.94,28530.81,28221.99,28504.46,312
1-April-2015,27954.86,28298.34,27889.02,28260.14,311
31-March-2015,28069.85,28180.64,27868.21,27957.49,310
30-March-2015,27655.79,28017.97,27624.76,27975.86,309
27-March-2015,27649.78,27694.41,27248.45,27458.64,308
26-March-2015,27937.62,27997.14,27384.87,27457.58,307
25-March-2015,28216.09,28249.6,28031.42,28111.83,306
24-March-2015,28209.33,28455.32,28130.09,28161.72,305
23-March-2015,28317.29,28385.14,28163.9,28192.02,304
20-March-2015,28465.44,28484.36,28209.66,28261.08,303
19-March-2015,28805.22,28978.74,28411.7,28469.67,302
18-March-2015,28766.87,28806.97,28546.76,28622.12,301
17-March-2015,28595,28784.35,28435.45,28736.38,300
16-March-2015,28546.31,28581.82,28384.09,28437.71,299
13-March-2015,29134.93,29183.76,28448.48,28503.3,298
12-March-2015,28798.61,28971.01,28772.71,28930.41,297
11-March-2015,28725.75,28843.23,28608.18,28659.17,296
10-March-2015,28924.06,28949.11,28584.49,28709.87,295
9-March-2015,29316.54,29321.06,28799.76,28844.78,294
5-March-2015,29436.77,29518.32,29162.47,29448.95,293
4-March-2015,29937.27,30024.74,29289.05,29380.73,292
3-March-2015,29500.19,29636.86,29364.87,29593.73,291
2-March-2015,29533.42,29576.32,29259.77,29459.14,290
28-February-2015,29411.33,29560.32,28882.02,29361.5,289
27-February-2015,28865.12,29254.02,28837.06,29220.12,288
26-February-2015,29051.9,29069.13,28693.82,28746.65,287
25-February-2015,29115.32,29269.83,28967.61,29007.99,286
24-February-2015,29016.55,29130.67,28875.94,29004.66,285
23-February-2015,29316.58,29362.96,28913.16,28975.11,284
20-February-2015,29446.21,29462.09,29178.26,29231.41,283
19-February-2015,29434.91,29522.86,29108.15,29462.27,282
18-February-2015,29136.07,29411.32,29126.91,29320.26,281
16-February-2015,29170.77,29325.35,29083.4,29135.88,280
13-February-2015,28888.99,29154.67,28835.7,29094.93,279
12-February-2015,28650.25,28838.52,28406.25,28805.1,278
11-February-2015,28450.26,28618.91,28424.39,28533.97,277
10-February-2015,28122.48,28633.72,28044.49,28355.62,276
9-February-2015,28566.5,28566.5,28183.32,28227.39,275
6-February-2015,28892.21,28922.85,28647.14,28717.91,274
5-February-2015,28912.38,29277.83,28753.29,28850.97,273
4-February-2015,29129.85,29133.62,28824.68,28883.11,272
3-February-2015,29217.4,29253.06,28900.41,29000.14,271
2-February-2015,29143.63,29268.13,28958.52,29122.27,270
30-January-2015,29801.6,29844.16,29070.48,29182.95,269
29-January-2015,29516.49,29740.63,29378.3,29681.77,268
28-January-2015,29565.72,29786.32,29417.67,29559.18,267
27-January-2015,29451.65,29618.59,29286.09,29571.04,266
23-January-2015,29189.45,29408.73,29165.56,29278.84,265
22-January-2015,28957.79,29060.41,28892.23,29006.02,264
21-January-2015,28843.09,28958.1,28792.57,28888.86,263
20-January-2015,28324.85,28829.29,28324.85,28784.67,262
19-January-2015,28249.84,28334.06,28197.36,28262.01,261
16-January-2015,28056.61,28176.1,27945.31,28121.89,260
15-January-2015,27831.16,28194.61,27703.7,28075.55,259
14-January-2015,27432.14,27512.8,27203.25,27346.82,258
13-January-2015,27611.56,27670.19,27324.58,27425.73,257
12-January-2015,27523.86,27620.66,27323.74,27585.27,256
9-January-2015,27404.19,27507.67,27119.63,27458.38,255
8-January-2015,27178.77,27316.41,27101.94,27274.71,254
7-January-2015,26983.43,27051.6,26776.12,26908.82,253
6-January-2015,27694.23,27698.93,26937.06,26987.46,252
5-January-2015,27978.43,28064.49,27786.85,27842.32,251
2-January-2015,27521.28,27937.47,27519.26,27887.9,250
1-January-2015,27485.77,27545.61,27395.34,27507.54,249
31-December-2014,27358.3,27527.24,27346,27499.42,248
30-December-2014,27478.3,27478.3,27312.29,27403.54,247
29-December-2014,27266.49,27507.25,27266.49,27395.73,246
26-December-2014,27215.19,27370.63,27091.38,27241.78,245
24-December-2014,27530.26,27571.25,27146.52,27208.61,244
23-December-2014,27733.12,27851.1,27475.13,27506.46,243
22-December-2014,27479.87,27725.27,27382.32,27701.79,242
19-December-2014,27292.55,27497.12,27292.14,27371.84,241
18-December-2014,27053.86,27180.92,26900.57,27126.57,240
17-December-2014,26724.01,26871.91,26469.42,26710.13,239
16-December-2014,27181.18,27199.37,26736.23,26781.44,238
15-December-2014,27136.28,27392.18,27105.04,27319.56,237
12-December-2014,27598.96,27692.32,27320.05,27350.68,236
11-December-2014,27796.34,27796.34,27539.47,27602.01,235
10-December-2014,27711.96,27905.25,27710.03,27831.1,234
9-December-2014,28134.22,28157.53,27763.82,27797.01,233
8-December-2014,28433,28494.85,28097.12,28119.4,232
5-December-2014,28604.5,28651.75,28409.05,28458.1,231
4-December-2014,28616.93,28808.78,28448.95,28562.82,230
3-December-2014,28472.32,28504.65,28370.73,28442.71,229
2-December-2014,28522.46,28576.39,28386.46,28444.01,228
1-December-2014,28748.22,28809.64,28538.44,28559.62,227
28-November-2014,28490.71,28822.37,28483.99,28693.99,226
27-November-2014,28397.8,28498.3,28307.58,28438.91,225
26-November-2014,28321.58,28470.15,28261.31,28386.19,224
25-November-2014,28520.76,28541.22,28217.5,28338.05,223
24-November-2014,28413.01,28541.96,28394.48,28499.54,222
21-November-2014,28100.1,28360.66,28038.4,28334.63,221
20-November-2014,28100.84,28118.53,27915.23,28067.56,220
19-November-2014,28193.9,28294.01,27963.51,28032.85,219
18-November-2014,28209.03,28282.85,28119.95,28163.29,218
17-November-2014,28018.68,28205.71,27921.34,28177.88,217
14-November-2014,27949.54,28093.23,27912.9,28046.66,216
13-November-2014,28048.56,28098.74,27822.7,27940.64,215
12-November-2014,27958.64,28126.48,27958.64,28008.9,214
11-November-2014,27911.25,27996.92,27790.4,27910.06,213
10-November-2014,27919.45,28027.96,27764.75,27874.73,212
7-November-2014,27902.71,27980.93,27739.56,27868.63,211
5-November-2014,27907.19,28010.39,27857.65,27915.88,210
3-November-2014,27943.04,27969.82,27785.4,27860.38,209
31-October-2014,27439.06,27894.32,27438.28,27865.83,208
30-October-2014,27098.94,27390.6,27088.65,27346.33,207
29-October-2014,27017.44,27126.3,26971.16,27098.17,206
28-October-2014,26788.73,26907.14,26764.15,26880.82,205
27-October-2014,26959.57,26994.96,26726.84,26752.9,204
23-October-2014,26889.51,26930.23,26827.68,26851.05,203
22-October-2014,26782.57,26818.33,26712.21,26787.23,202
21-October-2014,26552.45,26615.41,26407,26575.65,201
20-October-2014,26434.16,26517.9,26368.94,26429.85,200
17-October-2014,25950,26248.54,25910.77,26108.53,199
16-October-2014,26260.35,26462.08,25933.98,25999.34,198
14-October-2014,26537.42,26550.79,26212.01,26349.33,197
13-October-2014,26275.07,26443.16,26092.69,26384.07,196
10-October-2014,26551.74,26555.92,26261.61,26297.38,195
9-October-2014,26394.37,26688.7,26394.21,26637.28,194
8-October-2014,26229.67,26338.31,26150.09,26246.79,193
7-October-2014,26487.51,26570.38,26250.24,26271.97,192
1-October-2014,26681.47,26683.7,26548.22,26567.99,191
30-September-2014,26610.71,26851.33,26481.31,26630.51,190
29-September-2014,26694.41,26715.77,26518.01,26597.11,189
26-September-2014,26429.3,26721.03,26220.49,26626.32,188
25-September-2014,26808.66,26814.2,26349.55,26468.36,187
24-September-2014,26817.94,26844.7,26560,26744.69,186
23-September-2014,27244.98,27256.87,26744.07,26775.69,185
22-September-2014,27008.12,27254.8,26918.93,27206.74,184
19-September-2014,27139.39,27247.17,27047.68,27090.42,183
18-September-2014,26573.89,27132.2,26503.08,27112.21,182
17-September-2014,26627.21,26682.64,26511.71,26631.29,181
16-September-2014,26854.9,26861.29,26464.03,26492.51,180
15-September-2014,26998.07,26998.07,26790.91,26816.56,179
12-September-2014,27048.15,27096.87,26965.91,27061.04,178
11-September-2014,27143.22,27150.78,26904.5,26995.87,177
10-September-2014,27230.94,27251.44,27018.11,27057.41,176
9-September-2014,27316.43,27328.27,27177.09,27265.32,175
8-September-2014,27145.12,27354.99,27144.56,27319.85,174
5-September-2014,27127.26,27178.8,26920.56,27026.7,173
4-September-2014,27164.95,27169.12,26972.39,27085.93,172
3-September-2014,27128.06,27225.85,27067.02,27139.94,171
2-September-2014,26888.21,27082.85,26886.22,27019.39,170
1-September-2014,26733.18,26900.3,26732.39,26867.55,169
28-August-2014,26620.18,26674.38,26573.69,26638.11,168
27-August-2014,26553.24,26599.12,26492.5,26560.15,167
26-August-2014,26349.87,26481.97,26314.89,26442.81,166
25-August-2014,26490.31,26630.74,26401.64,26437.02,165
22-August-2014,26419.53,26508.27,26383.16,26419.55,164
21-August-2014,26322.66,26464.8,26262.52,26360.11,163
20-August-2014,26496.29,26504.52,26277.61,26314.29,162
19-August-2014,26482.56,26530.67,26387.84,26420.67,161
18-August-2014,26123.69,26413.11,26075.28,26390.96,160
14-August-2014,25948.3,26135,25945.35,26103.23,159
13-August-2014,25861.47,25972.62,25791.79,25918.95,158
12-August-2014,25703.78,25904.98,25645.79,25880.77,157
11-August-2014,25476.87,25553.44,25437.05,25519.24,156
8-August-2014,25406.87,25406.87,25232.82,25329.14,155
7-August-2014,25668.71,25778.05,25526.05,25589.01,154
6-August-2014,25892.55,25901.68,25621.85,25665.27,153
5-August-2014,25817.84,25928.32,25562.36,25908.01,152
4-August-2014,25631.68,25754.42,25531.38,25723.16,151
1-August-2014,25753.92,25862.68,25459.13,25480.84,150
31-July-2014,26105.89,26118.88,25853.69,25894.97,149
30-July-2014,26005.14,26113.48,25850.04,26087.42,148
28-July-2014,26173.47,26181.83,25900.25,25991.23,147
25-July-2014,26257.14,26300.17,26007.31,26126.75,146
24-July-2014,26188.5,26292.66,26077.7,26271.85,145
23-July-2014,26130.26,26188.64,26000.4,26147.33,144
22-July-2014,25784.48,26050.38,25780.39,26025.8,143
21-July-2014,25776.54,25861.15,25677.71,25715.17,142
18-July-2014,25558.48,25713.4,25441.24,25641.56,141
17-July-2014,25540.92,25613.03,25494.46,25561.16,140
16-July-2014,25322.17,25602.78,25246.75,25549.72,139
15-July-2014,25100.9,25254.48,25020.32,25228.65,138
14-July-2014,25093.16,25095.76,24892,25006.98,137
11-July-2014,25488.86,25548.33,24978.33,25024.35,136
10-July-2014,25513.74,25920.46,25117,25372.75,135
9-July-2014,25615.28,25683.97,25364.77,25444.81,134
8-July-2014,26166.92,26190.44,25495.04,25582.11,133
7-July-2014,26039.67,26123.55,25992.73,26100.08,132
4-July-2014,25844.8,25981.51,25659.33,25962.06,131
3-July-2014,25875.75,25999.08,25793.7,25823.75,130
2-July-2014,25660.57,25864.53,25660.16,25841.21,129
1-July-2014,25469.94,25571.9,25466.77,25516.35,128
30-June-2014,25179.55,25460.96,25179.55,25413.78,127
27-June-2014,25132.08,25209.61,25032.94,25099.92,126
26-June-2014,25217.69,25309.33,25021.23,25062.67,125
25-June-2014,25421.49,25427.8,25274.39,25313.74,124
24-June-2014,25115.83,25414.69,25115.83,25368.9,123
23-June-2014,25108.09,25197.5,24878.66,25031.32,122
20-June-2014,25237.54,25276.31,25056.18,25105.51,121
19-June-2014,25327.09,25425.85,25069.66,25201.8,120
18-June-2014,25565.19,25609.28,25114.3,25246.25,119
17-June-2014,25189.46,25545.88,25104.5,25521.19,118
16-June-2014,25239.5,25268.41,25063.93,25190.48,117
13-June-2014,25677.05,25688.31,25171.61,25228.17,116
12-June-2014,25597.21,25611.32,25409.69,25576.21,115
11-June-2014,25650.62,25725.12,25400.15,25473.89,114
10-June-2014,25706.35,25711.11,25347.33,25583.69,113
9-June-2014,25543.6,25644.77,25496.84,25580.21,112
6-June-2014,25204.95,25419.14,25129.76,25396.46,111
5-June-2014,24828.38,25044.06,24644.88,25019.51,110
4-June-2014,24909.03,24925.9,24773.93,24805.83,109
3-June-2014,24729.22,24892.06,24626.97,24858.59,108
2-June-2014,24368.96,24709.09,24270.2,24684.85,107
30-May-2014,24300.99,24353.59,24163.62,24217.34,106
29-May-2014,24523.13,24528.2,24206.5,24234.15,105
28-May-2014,24591.61,24643.33,24488.81,24556.09,104
27-May-2014,24748.1,24777.31,24422.33,24549.51,103
26-May-2014,24913.89,25175.22,24433.9,24716.88,102
23-May-2014,24535.14,24745.86,24470.78,24693.35,101
22-May-2014,24415.42,24524.76,24326.48,24374.4,100
21-May-2014,24404.48,24419.54,24156.47,24298.02,99
20-May-2014,24555.31,24587.16,24299.53,24376.88,98
19-May-2014,24340.32,24448.47,24107.99,24363.05,97
16-May-2014,24271.54,25375.63,23873.16,24121.74,96
15-May-2014,23809.42,23971.78,23742.75,23905.6,95
14-May-2014,23897.88,23964.67,23753.36,23815.12,94
13-May-2014,23729.78,24068.94,23729.25,23871.23,93
12-May-2014,23031.11,23572.88,23008.65,23551,92
9-May-2014,22374.98,23048.49,22317.18,22994.23,91
8-May-2014,22382.14,22443.13,22277.04,22344.04,90
7-May-2014,22488.96,22532.82,22286.26,22323.9,89
6-May-2014,22512.23,22602.71,22475.65,22508.42,88
5-May-2014,22412.8,22592.03,22354.45,22445.12,87
2-May-2014,22493.59,22575.62,22386.95,22403.89,86
30-April-2014,22517.63,22680.46,22284.96,22417.8,85
29-April-2014,22654.28,22681.89,22443.56,22466.19,84
28-April-2014,22717.59,22721.36,22597.19,22631.61,83
25-April-2014,22892.5,22939.31,22656.64,22688.07,82
23-April-2014,22783.65,22912.52,22780.13,22876.54,81
22-April-2014,22771.24,22853.03,22727.63,22758.37,80
21-April-2014,22644.75,22795.58,22636.75,22764.83,79
17-April-2014,22327.76,22648.69,22312.19,22628.84,78
16-April-2014,22486.73,22533.61,22247.39,22277.23,77
15-April-2014,22698.09,22737.31,22416.24,22484.93,76
11-April-2014,22642.05,22679.18,22526.89,22628.96,75
10-April-2014,22729.46,22792.49,22644.43,22715.33,74
9-April-2014,22389.21,22740.04,22379.95,22702.34,73
7-April-2014,22355.56,22481.62,22197.51,22343.45,72
4-April-2014,22522.46,22525.21,22339.4,22359.5,71
3-April-2014,22598.19,22620.65,22369.28,22509.07,70
2-April-2014,22550.58,22592.1,22473.46,22551.49,69
1-April-2014,22455.23,22485.77,22295.65,22446.44,68
31-March-2014,22423.14,22467.21,22253.78,22386.27,67
28-March-2014,22273.44,22363.97,22185.11,22339.97,66
27-March-2014,22116.23,22307.74,22094.29,22214.37,65
26-March-2014,22134.71,22172.2,22020.58,22095.3,64
25-March-2014,21948.31,22079.96,21916.87,22055.21,63
24-March-2014,21827.5,22074.34,21827.5,22055.48,62
22-March-2014,21752.44,21778.92,21725.52,21755.32,61
21-March-2014,21823.52,21870.11,21729.9,21753.75,60
20-March-2014,21797.61,21853.25,21704.66,21740.09,59
19-March-2014,21872.68,21895.83,21782.01,21832.86,58
18-March-2014,21849.65,22040.72,21785.38,21832.61,57
14-March-2014,21648.05,21853.32,21573.48,21809.8,56
13-March-2014,21736.61,21991.36,21720.13,21774.61,55
12-March-2014,21793.32,21965.95,21768.14,21856.22,54
11-March-2014,21918.83,22018.52,21772.11,21826.42,53
10-March-2014,21819.19,22023.98,21805.22,21934.83,52
7-March-2014,21539.44,21960.89,21539.44,21919.79,51
6-March-2014,21336.32,21525.14,21329.88,21513.87,50
5-March-2014,21280.36,21333.2,21176.16,21276.86,49
4-March-2014,20947,21224.64,20940.39,21209.73,48
3-March-2014,21079.27,21140,20920.98,20946.65,47
28-February-2014,20995.39,21140.51,20989.66,21120.12,46
26-February-2014,20869.61,21005.04,20860.02,20986.99,45
25-February-2014,20877.72,20912.54,20777.73,20852.47,44
24-February-2014,20695.48,20828.63,20637.3,20811.44,43
21-February-2014,20600.58,20725.04,20599.91,20700.75,42
20-February-2014,20661.07,20662.66,20522.04,20536.64,41
19-February-2014,20643.85,20750.52,20629.56,20722.97,40
18-February-2014,20457.56,20685.02,20436.48,20634.21,39
17-February-2014,20438.87,20492.43,20338.95,20464.06,38
14-February-2014,20265.13,20391.95,20149.01,20366.82,37
13-February-2014,20478.67,20503.86,20164.67,20193.35,36
12-February-2014,20449.83,20516.6,20427.23,20448.49,35
11-February-2014,20400.94,20443.35,20349.51,20363.37,34
10-February-2014,20429.16,20434.5,20312.21,20334.27,33
7-February-2014,20441.04,20450.51,20282.3,20376.56,32
6-February-2014,20286.09,20358.19,20079.82,20310.74,31
5-February-2014,20241.12,20289.33,20076.1,20261.03,30
4-February-2014,20050.99,20255.52,19963.12,20211.93,29
3-February-2014,20479.03,20480.35,20182.2,20209.26,28
31-January-2014,20544.64,20572.32,20448.43,20513.85,27
30-January-2014,20491.74,20528.41,20343.78,20498.25,26
29-January-2014,20784.04,20828.68,20613.62,20647.3,25
28-January-2014,20721.17,20795.35,20554.28,20683.51,24
27-January-2014,20899.03,20899.03,20688.03,20707.45,23
24-January-2014,21289.15,21333.66,21123.99,21133.56,22
23-January-2014,21319.69,21409.66,21264.71,21373.66,21
22-January-2014,21251.65,21377.91,21168.43,21337.67,20
21-January-2014,21237.96,21302.52,21189.2,21251.12,19
20-January-2014,21083.53,21221.37,21001.13,21205.05,18
17-January-2014,21236.65,21270.11,21015.61,21063.62,17
16-January-2014,21366.91,21379.29,21199.65,21265.18,16
15-January-2014,21091.46,21302.73,21091.46,21289.49,15
14-January-2014,21115,21154.76,21009.05,21032.88,14
13-January-2014,20850.54,21169.08,20850.54,21134.21,13
10-January-2014,20760.72,20971.23,20625.17,20758.49,12
9-January-2014,20755.73,20778.13,20652.69,20713.37,11
8-January-2014,20767.42,20786.41,20688.18,20729.38,10
7-January-2014,20845.77,20890.48,20637.18,20693.24,9
6-January-2014,20913.79,20913.79,20721.98,20787.3,8
3-January-2014,20819.58,20885.18,20731.33,20851.33,7
2-January-2014,21179.91,21331.32,20846.67,20888.33,6
1-January-2014,21222.19,21244.35,21133.82,21140.48,5
31-December-2013,21177.77,21230.88,21122.68,21170.68,
30-December-2013,21260.15,21304.7,21089.21,21143.01,
27-December-2013,21114.49,21235.14,21113.25,21193.58,
26-December-2013,21051,21135.85,21013.14,21074.59,
24-December-2013,21127.66,21156.92,21010.65,21032.71,
23-December-2013,21080.54,21207.89,21059.12,21101.03,
20-December-2013,20792.37,21117.99,20745.94,21079.72,
19-December-2013,20959.8,21017.45,20646.03,20708.62,
18-December-2013,20568.7,20917.57,20568.7,20859.86,
17-December-2013,20732.44,20784.03,20594.99,20612.14,
16-December-2013,20714.26,20764.52,20637.77,20659.52,
13-December-2013,20867.17,20867.17,20692.67,20715.58,
12-December-2013,21101.05,21103.8,20901.47,20925.61,
11-December-2013,21191.27,21215.94,21069.45,21171.41,
10-December-2013,21293.58,21327.75,21175.08,21255.26,
9-December-2013,21416.67,21483.74,21282.64,21326.42,
6-December-2013,20955.74,21049.84,20922.45,20996.53,
5-December-2013,20992.25,21165.6,20929.2,20957.81,
4-December-2013,20839.45,20863.37,20673.62,20708.71,
3-December-2013,20857.85,20927.05,20817.75,20854.92,
2-December-2013,20771.27,20941,20770.51,20898.01,
29-November-2013,20558.93,20819.77,20558.93,20791.93,
28-November-2013,20522.36,20606.38,20461.51,20534.91,
27-November-2013,20449,20482.67,20348.06,20420.26,
26-November-2013,20604.27,20604.27,20390.62,20425.02,
25-November-2013,20326.66,20626.15,20326.66,20605.08,
22-November-2013,20316.58,20388.12,20137.67,20217.39,
21-November-2013,20579.26,20579.26,20189.23,20229.05,
20-November-2013,20857.01,20895.3,20579.94,20635.13,
19-November-2013,20870.16,20934.4,20828.69,20890.82,
18-November-2013,20570.59,20868.76,20570.59,20850.74,
14-November-2013,20351.39,20568.99,20348.27,20399.42,
13-November-2013,20248.52,20365.59,20161.64,20194.4,
12-November-2013,20510.31,20584.22,20262.22,20281.91,
11-November-2013,20596.4,20672.53,20453.15,20490.96,
8-November-2013,20785.2,20821.01,20600.9,20666.15,
7-November-2013,20896.13,21142.85,20797.06,20822.77,
6-November-2013,21004.54,21045.38,20861.42,20894.94,
5-November-2013,21134.1,21158.56,20951.71,20974.79,
3-November-2013,21278.08,21321.53,21212.31,21239.36,
1-November-2013,21158.81,21293.88,21141.32,21196.81,
31-October-2013,21000.6,21205.44,20991.98,21164.52,
30-October-2013,20944.14,21086.59,20937.12,21033.97,
29-October-2013,20593.49,20952.55,20493.66,20929.01,
28-October-2013,20696.51,20771.36,20550.64,20570.28,
25-October-2013,20725.52,20782.16,20622.55,20683.52,
24-October-2013,20766.05,21039.42,20656.7,20725.43,
23-October-2013,20875.31,20922.32,20589.72,20767.88,
22-October-2013,20863.15,20948.91,20810.25,20864.97,
21-October-2013,20915.76,20970.92,20768.99,20893.89,
18-October-2013,20486.78,20932.23,20486.78,20882.89,
17-October-2013,20579.56,20629.8,20375.42,20415.51,
15-October-2013,20722.9,20759.58,20446.73,20547.62,
14-October-2013,20534.61,20645.94,20497.88,20607.54,
11-October-2013,20535.9,20559.69,20368.06,20528.59,
10-October-2013,20228.76,20323.77,20135.91,20272.91,
9-October-2013,19918.2,20277.74,19826.96,20249.26,
8-October-2013,20094.21,20150.27,19936.72,19983.61,
7-October-2013,19880.94,19921.38,19647.88,19895.1,
4-October-2013,19870,20052,19833.17,19915.95,
3-October-2013,19585.79,19929.24,19583.97,19902.07,
1-October-2013,19452.05,19532.91,19264.72,19517.15,
30-September-2013,19643.89,19651.31,19320.73,19379.77,
27-September-2013,19951.73,19981.57,19674.38,19727.27,
26-September-2013,19853.66,19997.28,19826.99,19893.85,
25-September-2013,19947.43,19978.49,19658.74,19856.24,
24-September-2013,19820.03,20050.42,19782.78,19920.21,
23-September-2013,20060.82,20199.81,19826.3,19900.96,
20-September-2013,20616.35,20677.99,20051.43,20263.71,
19-September-2013,20354.73,20739.69,20347.3,20646.64,
18-September-2013,19865.99,20013.33,19775.29,19962.16,
17-September-2013,19721.9,19819.1,19635.44,19804.03,
16-September-2013,19977.38,20086.43,19596.15,19742.47,
13-September-2013,19744.54,19899.37,19675.68,19732.76,
12-September-2013,20046.05,20052.05,19676.49,19781.88,
11-September-2013,19999.77,20055.53,19777.63,19997.45,
10-September-2013,19448.39,20012.69,19444.66,19997.09,
6-September-2013,19072.02,19293.96,18929.38,19270.06,
5-September-2013,18857.6,19117.52,18847.02,18979.76,
4-September-2013,18314.68,18612.6,18188.43,18567.55,
3-September-2013,19002.77,19007.31,18166.17,18234.66,
2-September-2013,18691.83,18942.06,18678.93,18886.13,
30-August-2013,18424.72,18679.26,18272.76,18619.72,
29-August-2013,18073.66,18455.66,18071.22,18401.04,
28-August-2013,17851.44,18101.84,17448.71,17996.15,
27-August-2013,18460.72,18460.72,17921.82,17968.08,
26-August-2013,18602.56,18728.19,18488.93,18558.13,
23-August-2013,18386.53,18546.6,18210.75,18519.44,
22-August-2013,17896.84,18349.82,17759.59,18312.94,
21-August-2013,18545.44,18567.7,17807.19,17905.91,
20-August-2013,18142.83,18306.46,17970.98,18246.04,
19-August-2013,18587.38,18587.38,18139.15,18307.52,
16-August-2013,19297.11,19310.95,18559.65,18598.18,
14-August-2013,19299.42,19392.56,19203.63,19367.59,
13-August-2013,18895.26,19248.11,18864.81,19229.84,
12-August-2013,18898.94,19066.97,18796.01,18946.98,
8-August-2013,18687.3,18829.26,18621.67,18789.34,
7-August-2013,18758.53,18811.46,18551.35,18664.88,
6-August-2013,19127.1,19131.92,18667.3,18733.04,
5-August-2013,19178.06,19306.51,19141.68,19182.26,
2-August-2013,19399.55,19451.7,19078.72,19164.02,
1-August-2013,19443.29,19569.2,19170.46,19317.19,
31-July-2013,19304.07,19387.5,19126.82,19345.7,
30-July-2013,19577.75,19672.72,19328.54,19348.34,
29-July-2013,19714.42,19751.03,19570.87,19593.28,
26-July-2013,19892.47,19907.45,19699.76,19748.19,
25-July-2013,20062,20110.81,19763.9,19804.76,
24-July-2013,20200.2,20252.7,19994.25,20090.68,
23-July-2013,20249.98,20351.06,20249.98,20302.13,
22-July-2013,20096.71,20264.9,20065.69,20159.12,
19-July-2013,20213.45,20256.6,20111.13,20149.85,
18-July-2013,19999.51,20176.9,19956.2,20128.41,
17-July-2013,19928.95,19983.22,19778.54,19948.73,
16-July-2013,19788.09,19890.63,19649.58,19851.23,
15-July-2013,19926.1,20072.44,19883.19,20034.48,
12-July-2013,19898.69,19991.94,19785.59,19958.47,
11-July-2013,19468.46,19723.51,19468.46,19676.06,
10-July-2013,19482.66,19505.93,19237.91,19294.12,
9-July-2013,19399.37,19486,19380.25,19439.48,
8-July-2013,19418.98,19422.69,19185.92,19324.77,
5-July-2013,19568.79,19640.27,19477.74,19495.82,
4-July-2013,19256.12,19445.02,19245.01,19410.84,
3-July-2013,19347.11,19347.11,19147.31,19177.76,
2-July-2013,19573.93,19589.14,19442.75,19463.82,
1-July-2013,19352.48,19598.43,19347.57,19577.39,
28-June-2013,19093.18,19432.94,19093.18,19395.81,
27-June-2013,18716.11,18925.75,18688.28,18875.95,
26-June-2013,18662.37,18690.5,18514.35,18552.12,
25-June-2013,18602.25,18802.31,18487.3,18629.15,
24-June-2013,18714.06,18714.06,18467.16,18540.89,
21-June-2013,18695.8,18820.81,18615.14,18774.24,
20-June-2013,19069.2,19069.2,18687.19,18719.29,
19-June-2013,19224.09,19274.26,19100.13,19245.7,
18-June-2013,19329.17,19383.61,19191.37,19223.28,
17-June-2013,19249.9,19344.28,19084.68,19325.87,
14-June-2013,18959.83,19213.1,18952.09,19177.93,
13-June-2013,18897.49,18914.13,18765.53,18827.16,
12-June-2013,19103.96,19143.24,18969.08,19041.13,
11-June-2013,19382.22,19418.74,19121.18,19143,
10-June-2013,19530.35,19585.75,19366.82,19441.07,
7-June-2013,19522.31,19711.55,19397.51,19429.23,
6-June-2013,19503.68,19635.37,19395.32,19519.49,
5-June-2013,19532.42,19604.43,19441.35,19568.22,
4-June-2013,19605.68,19742.7,19522.47,19545.78,
3-June-2013,19859.22,19860.19,19541.97,19610.48,
31-May-2013,20186.67,20191.29,19730.55,19760.3,
30-May-2013,20066.94,20254.03,20066.14,20215.4,
29-May-2013,20202.51,20216.49,20044.74,20147.64,
28-May-2013,20056.28,20209.82,19963.23,20160.82,
27-May-2013,19750.67,20083.47,19678.31,20030.77,
24-May-2013,19765.32,19833.14,19568.49,19704.33,
23-May-2013,19971.37,20027.56,19634.79,19674.33,
22-May-2013,20150.69,20220.35,20000.86,20062.24,
21-May-2013,20227.17,20308.04,20072.68,20111.61,
20-May-2013,20277.76,20443.62,20186.66,20223.98,
17-May-2013,20267.6,20328.19,20155.01,20286.12,
16-May-2013,20167.93,20326.48,20162.12,20247.33,
15-May-2013,19798.18,20241.96,19798.18,20212.96,
14-May-2013,19715.8,19831.79,19652.69,19722.29,
13-May-2013,20073.41,20109.08,19667.39,19691.67,
11-May-2013,20091.93,20146.83,20055.18,20122.32,
10-May-2013,19911.08,20119.14,19908.8,20082.62,
9-May-2013,20015.86,20058.48,19903.83,19939.04,
8-May-2013,19950.22,20037.27,19851.22,19990.18,
7-May-2013,19697.33,19917.88,19697.33,19888.95,
6-May-2013,19571.66,19694.29,19554.31,19673.64,
3-May-2013,19707.95,19744.85,19542.63,19575.64,
2-May-2013,19459.33,19792,19451.26,19735.77,
30-April-2013,19492.83,19622.68,19317.38,19504.18,
29-April-2013,19306.67,19428.94,19284.4,19387.5,
26-April-2013,19376,19384.95,19249.75,19286.72,
25-April-2013,19192.11,19434.85,19192.11,19406.85,
23-April-2013,19210.26,19210.26,19042.08,19179.36,
22-April-2013,18989.78,19204.9,18989.78,19169.83,
18-April-2013,18695.34,19058.8,18691.61,19016.46,
17-April-2013,18773.45,18869.88,18673.44,18731.16,
16-April-2013,18356.32,18771.33,18325.73,18744.93,
15-April-2013,18196.09,18424.4,18144.22,18357.8,
12-April-2013,18275.66,18337.91,18186.1,18242.56,
11-April-2013,18577.52,18599.14,18397.94,18542.2,
10-April-2013,18355.14,18461.44,18173.31,18414.45,
9-April-2013,18481.47,18565.56,18206.61,18226.48,
8-April-2013,18455.8,18504.48,18402.93,18437.78,
5-April-2013,18493.67,18525.45,18389.29,18450.23,
4-April-2013,18731.38,18733.62,18473.85,18509.7,
3-April-2013,19034,19035.2,18721.72,18801.64,
2-April-2013,18863.82,19060.51,18826.53,19040.95,
1-April-2013,18890.81,18959.48,18796.6,18864.75,
28-March-2013,18702.46,18882.54,18568.43,18835.77,
26-March-2013,18645.09,18758.88,18612.37,18704.53,
25-March-2013,18894.13,18950.22,18654.61,18681.42,
22-March-2013,18784.93,18859.82,18669.2,18735.6,
21-March-2013,18926.21,19082.29,18756.65,18792.87,
20-March-2013,19026.46,19028.09,18836.77,18884.19,
19-March-2013,19345.91,19378.61,18939.47,19008.1,
18-March-2013,19282.63,19345.42,19232.23,19293.2,
15-March-2013,19570.01,19673.16,19383.13,19427.56,
14-March-2013,19367.26,19604.7,19179.33,19570.44,
13-March-2013,19511.97,19511.97,19338.52,19362.55,
12-March-2013,19675.81,19697.84,19505.75,19564.92,
11-March-2013,19679.88,19754.66,19602.71,19646.21,
8-March-2013,19478.67,19706.03,19477.61,19683.23,
7-March-2013,19222.05,19465.52,19212.92,19413.54,
6-March-2013,19254.2,19293.39,19195.47,19252.61,
5-March-2013,18943.62,19164.04,18943.62,19143.17,
4-March-2013,18920.9,18930.86,18760.41,18877.96,
1-March-2013,18876.68,18988.97,18820.9,18918.52,
28-February-2013,19264.8,19322.28,18793.97,18861.54,
27-February-2013,19090.32,19213.02,18997.82,19152.41,
26-February-2013,19290.66,19293.49,18976.94,19015.14,
25-February-2013,19365.33,19411.18,19237.98,19331.69,
22-February-2013,19341.9,19401.75,19289.83,19317.01,
21-February-2013,19549.05,19554.65,19289.7,19325.36,
20-February-2013,19717.94,19742.42,19619.89,19642.75,
19-February-2013,19523.7,19671.17,19457.21,19635.72,
18-February-2013,19496.25,19554.48,19462.92,19501.08,
15-February-2013,19449.83,19512.89,19381.82,19468.15,
14-February-2013,19626.81,19639.83,19444.33,19497.18,
13-February-2013,19601.69,19723.01,19574.15,19608.08,
12-February-2013,19489.87,19583.53,19438.53,19561.04,
11-February-2013,19517.59,19543.44,19416.94,19460.57,
8-February-2013,19577.19,19648.07,19414.8,19484.77,
7-February-2013,19589.44,19702.56,19540.08,19580.32,
6-February-2013,19737.77,19767.25,19611.27,19639.72,
5-February-2013,19665.54,19717.26,19631.97,19659.82,
4-February-2013,19860.97,19902.6,19728.21,19751.19,
1-February-2013,19907.21,19966.69,19736.45,19781.19,
31-January-2013,19987.28,20008.83,19865.72,19894.98,
30-January-2013,20014.8,20073.46,19964.64,20005,
29-January-2013,20080.31,20203.66,19970.05,19990.9,
28-January-2013,20129,20172.45,20062.79,20103.35,
25-January-2013,19945.69,20129.01,19928.11,20103.53,
24-January-2013,20017.2,20072.28,19884.2,19923.78,
23-January-2013,19997.04,20058.07,19920.91,20026.61,
22-January-2013,20102.43,20156.86,19952.91,19981.57,
21-January-2013,20132.83,20163.38,20056.46,20101.82,
18-January-2013,20038.67,20126.55,19990.62,20039.04,
17-January-2013,19846.42,20005.98,19783.41,19964.03,
16-January-2013,19978.19,20009.36,19783.02,19817.63,
15-January-2013,19999.82,20036.82,19881.78,19986.82,
14-January-2013,19689.09,19948.63,19689.09,19906.41,
11-January-2013,19813.64,19839.8,19619.83,19663.64,
10-January-2013,19728.02,19783.75,19596.38,19663.55,
9-January-2013,19770.21,19824.06,19627.16,19666.59,
8-January-2013,19681.38,19761.78,19632.59,19742.52,
7-January-2013,19820.56,19856.43,19654.46,19691.42,
